price_id,price_date,region,market_price_per_mwh
P00001,2024-01-01,Scotland,68.09
P00002,2024-01-01,England,93.5
P00003,2024-01-01,Wales,85.43
P00004,2024-01-02,Scotland,94.24
P00005,2024-01-02,England,94.57
P00006,2024-01-02,Wales,79.71
P00007,2024-01-03,Scotland,70.87
P00008,2024-01-03,England,90.88
P00009,2024-01-03,Wales,88.73
P00010,2024-01-04,Scotland,81.71
P00011,2024-01-04,England,79.37
P00012,2024-01-04,Wales,76.1
P00013,2024-01-05,Scotland,72.36
P00014,2024-01-05,England,99.74
P00015,2024-01-05,Wales,90.91
P00016,2024-01-06,Scotland,92.8
P00017,2024-01-06,England,90.17
P00018,2024-01-06,Wales,79.19
P00019,2024-01-07,Scotland,71.02
P00020,2024-01-07,England,83.8
P00021,2024-01-07,Wales,92.6
P00022,2024-01-08,Scotland,89.78
P00023,2024-01-08,England,80.47
P00024,2024-01-08,Wales,72.5
P00025,2024-01-09,Scotland,83.32
P00026,2024-01-09,England,76.13
P00027,2024-01-09,Wales,85.76
P00028,2024-01-10,Scotland,90.03
P00029,2024-01-10,England,100.41
P00030,2024-01-10,Wales,80.38
P00031,2024-01-11,Scotland,71.4
P00032,2024-01-11,England,91.81
P00033,2024-01-11,Wales,91.56
P00034,2024-01-12,Scotland,72.46
P00035,2024-01-12,England,88.25
P00036,2024-01-12,Wales,82.38
P00037,2024-01-13,Scotland,94.04
P00038,2024-01-13,England,99.08
P00039,2024-01-13,Wales,86.39
P00040,2024-01-14,Scotland,86.63
P00041,2024-01-14,England,93.25
P00042,2024-01-14,Wales,76.77
P00043,2024-01-15,Scotland,86.14
P00044,2024-01-15,England,84.08
P00045,2024-01-15,Wales,90.29
P00046,2024-01-16,Scotland,80.19
P00047,2024-01-16,England,80.69
P00048,2024-01-16,Wales,67.73
P00049,2024-01-17,Scotland,68.57
P00050,2024-01-17,England,88.96
P00051,2024-01-17,Wales,81.89
P00052,2024-01-18,Scotland,68.19
P00053,2024-01-18,England,93.11
P00054,2024-01-18,Wales,67.59
P00055,2024-01-19,Scotland,69.82
P00056,2024-01-19,England,74.85
P00057,2024-01-19,Wales,74.92
P00058,2024-01-20,Scotland,81.88
P00059,2024-01-20,England,81.52
P00060,2024-01-20,Wales,79.11
P00061,2024-01-21,Scotland,82.56
P00062,2024-01-21,England,93.53
P00063,2024-01-21,Wales,89.82
P00064,2024-01-22,Scotland,83.56
P00065,2024-01-22,England,80.56
P00066,2024-01-22,Wales,78.77
P00067,2024-01-23,Scotland,78.99
P00068,2024-01-23,England,76.55
P00069,2024-01-23,Wales,83.79
P00070,2024-01-24,Scotland,77.57
P00071,2024-01-24,England,85.1
P00072,2024-01-24,Wales,89.32
P00073,2024-01-25,Scotland,69.46
P00074,2024-01-25,England,91.64
P00075,2024-01-25,Wales,83.45
P00076,2024-01-26,Scotland,69.64
P00077,2024-01-26,England,93.66
P00078,2024-01-26,Wales,87.62
P00079,2024-01-27,Scotland,70.95
P00080,2024-01-27,England,79.17
P00081,2024-01-27,Wales,80.48
P00082,2024-01-28,Scotland,71.78
P00083,2024-01-28,England,78.95
P00084,2024-01-28,Wales,78.49
P00085,2024-01-29,Scotland,91.61
P00086,2024-01-29,England,76.04
P00087,2024-01-29,Wales,87.82
P00088,2024-01-30,Scotland,91.11
P00089,2024-01-30,England,76.64
P00090,2024-01-30,Wales,83.61
P00091,2024-01-31,Scotland,82.6
P00092,2024-01-31,England,74.4
P00093,2024-01-31,Wales,68.52
P00094,2024-02-01,Scotland,88.35
P00095,2024-02-01,England,80.38
P00096,2024-02-01,Wales,76.97
P00097,2024-02-02,Scotland,81.0
P00098,2024-02-02,England,97.35
P00099,2024-02-02,Wales,90.37
P00100,2024-02-03,Scotland,72.45
P00101,2024-02-03,England,74.06
P00102,2024-02-03,Wales,76.54
P00103,2024-02-04,Scotland,93.02
P00104,2024-02-04,England,95.2
P00105,2024-02-04,Wales,73.7
P00106,2024-02-05,Scotland,86.81
P00107,2024-02-05,England,93.72
P00108,2024-02-05,Wales,87.15
P00109,2024-02-06,Scotland,85.87
P00110,2024-02-06,England,87.14
P00111,2024-02-06,Wales,71.13
P00112,2024-02-07,Scotland,73.88
P00113,2024-02-07,England,75.58
P00114,2024-02-07,Wales,85.86
P00115,2024-02-08,Scotland,69.65
P00116,2024-02-08,England,82.47
P00117,2024-02-08,Wales,67.35
P00118,2024-02-09,Scotland,80.87
P00119,2024-02-09,England,98.82
P00120,2024-02-09,Wales,80.34
P00121,2024-02-10,Scotland,69.54
P00122,2024-02-10,England,87.71
P00123,2024-02-10,Wales,88.99
P00124,2024-02-11,Scotland,69.85
P00125,2024-02-11,England,75.83
P00126,2024-02-11,Wales,89.27
P00127,2024-02-12,Scotland,78.9
P00128,2024-02-12,England,99.42
P00129,2024-02-12,Wales,81.38
P00130,2024-02-13,Scotland,83.63
P00131,2024-02-13,England,75.07
P00132,2024-02-13,Wales,68.21
P00133,2024-02-14,Scotland,85.75
P00134,2024-02-14,England,89.26
P00135,2024-02-14,Wales,74.54
P00136,2024-02-15,Scotland,75.04
P00137,2024-02-15,England,92.08
P00138,2024-02-15,Wales,74.48
P00139,2024-02-16,Scotland,75.17
P00140,2024-02-16,England,77.53
P00141,2024-02-16,Wales,83.43
P00142,2024-02-17,Scotland,80.35
P00143,2024-02-17,England,99.08
P00144,2024-02-17,Wales,91.26
P00145,2024-02-18,Scotland,68.25
P00146,2024-02-18,England,90.77
P00147,2024-02-18,Wales,81.2
P00148,2024-02-19,Scotland,70.7
P00149,2024-02-19,England,88.52
P00150,2024-02-19,Wales,79.66
P00151,2024-02-20,Scotland,71.58
P00152,2024-02-20,England,83.42
P00153,2024-02-20,Wales,67.86
P00154,2024-02-21,Scotland,74.6
P00155,2024-02-21,England,81.69
P00156,2024-02-21,Wales,77.83
P00157,2024-02-22,Scotland,82.67
P00158,2024-02-22,England,82.17
P00159,2024-02-22,Wales,92.56
P00160,2024-02-23,Scotland,89.79
P00161,2024-02-23,England,88.28
P00162,2024-02-23,Wales,84.03
P00163,2024-02-24,Scotland,82.97
P00164,2024-02-24,England,99.16
P00165,2024-02-24,Wales,68.8
P00166,2024-02-25,Scotland,91.71
P00167,2024-02-25,England,81.14
P00168,2024-02-25,Wales,90.02
P00169,2024-02-26,Scotland,88.05
P00170,2024-02-26,England,78.2
P00171,2024-02-26,Wales,73.61
P00172,2024-02-27,Scotland,73.69
P00173,2024-02-27,England,83.26
P00174,2024-02-27,Wales,84.56
P00175,2024-02-28,Scotland,91.03
P00176,2024-02-28,England,87.65
P00177,2024-02-28,Wales,72.78
P00178,2024-02-29,Scotland,92.52
P00179,2024-02-29,England,75.37
P00180,2024-02-29,Wales,83.13
P00181,2024-03-01,Scotland,84.39
P00182,2024-03-01,England,69.19
P00183,2024-03-01,Wales,69.01
P00184,2024-03-02,Scotland,65.53
P00185,2024-03-02,England,94.45
P00186,2024-03-02,Wales,64.36
P00187,2024-03-03,Scotland,73.93
P00188,2024-03-03,England,87.05
P00189,2024-03-03,Wales,75.14
P00190,2024-03-04,Scotland,65.02
P00191,2024-03-04,England,93.52
P00192,2024-03-04,Wales,78.66
P00193,2024-03-05,Scotland,66.02
P00194,2024-03-05,England,68.97
P00195,2024-03-05,Wales,69.97
P00196,2024-03-06,Scotland,76.92
P00197,2024-03-06,England,79.6
P00198,2024-03-06,Wales,61.13
P00199,2024-03-07,Scotland,71.85
P00200,2024-03-07,England,93.19
P00201,2024-03-07,Wales,86.25
P00202,2024-03-08,Scotland,63.08
P00203,2024-03-08,England,77.66
P00204,2024-03-08,Wales,78.42
P00205,2024-03-09,Scotland,80.01
P00206,2024-03-09,England,77.55
P00207,2024-03-09,Wales,75.12
P00208,2024-03-10,Scotland,85.62
P00209,2024-03-10,England,94.29
P00210,2024-03-10,Wales,80.24
P00211,2024-03-11,Scotland,87.0
P00212,2024-03-11,England,74.39
P00213,2024-03-11,Wales,64.39
P00214,2024-03-12,Scotland,83.6
P00215,2024-03-12,England,72.78
P00216,2024-03-12,Wales,71.13
P00217,2024-03-13,Scotland,66.84
P00218,2024-03-13,England,92.96
P00219,2024-03-13,Wales,81.12
P00220,2024-03-14,Scotland,73.12
P00221,2024-03-14,England,86.09
P00222,2024-03-14,Wales,79.85
P00223,2024-03-15,Scotland,68.7
P00224,2024-03-15,England,72.3
P00225,2024-03-15,Wales,78.93
P00226,2024-03-16,Scotland,72.33
P00227,2024-03-16,England,69.05
P00228,2024-03-16,Wales,72.71
P00229,2024-03-17,Scotland,67.39
P00230,2024-03-17,England,92.8
P00231,2024-03-17,Wales,69.44
P00232,2024-03-18,Scotland,84.15
P00233,2024-03-18,England,91.53
P00234,2024-03-18,Wales,66.02
P00235,2024-03-19,Scotland,79.82
P00236,2024-03-19,England,78.76
P00237,2024-03-19,Wales,67.52
P00238,2024-03-20,Scotland,63.87
P00239,2024-03-20,England,88.88
P00240,2024-03-20,Wales,69.48
P00241,2024-03-21,Scotland,75.75
P00242,2024-03-21,England,86.35
P00243,2024-03-21,Wales,82.78
P00244,2024-03-22,Scotland,70.94
P00245,2024-03-22,England,68.75
P00246,2024-03-22,Wales,83.68
P00247,2024-03-23,Scotland,69.05
P00248,2024-03-23,England,83.68
P00249,2024-03-23,Wales,86.56
P00250,2024-03-24,Scotland,63.03
P00251,2024-03-24,England,84.11
P00252,2024-03-24,Wales,69.33
P00253,2024-03-25,Scotland,83.23
P00254,2024-03-25,England,79.78
P00255,2024-03-25,Wales,86.57
P00256,2024-03-26,Scotland,65.12
P00257,2024-03-26,England,92.29
P00258,2024-03-26,Wales,65.13
P00259,2024-03-27,Scotland,63.2
P00260,2024-03-27,England,79.77
P00261,2024-03-27,Wales,74.04
P00262,2024-03-28,Scotland,83.78
P00263,2024-03-28,England,86.55
P00264,2024-03-28,Wales,85.39
P00265,2024-03-29,Scotland,81.9
P00266,2024-03-29,England,73.32
P00267,2024-03-29,Wales,71.65
P00268,2024-03-30,Scotland,87.62
P00269,2024-03-30,England,92.86
P00270,2024-03-30,Wales,76.83
P00271,2024-03-31,Scotland,79.91
P00272,2024-03-31,England,71.36
P00273,2024-03-31,Wales,84.3
P00274,2024-04-01,Scotland,75.69
P00275,2024-04-01,England,86.01
P00276,2024-04-01,Wales,68.81
P00277,2024-04-02,Scotland,80.82
P00278,2024-04-02,England,82.97
P00279,2024-04-02,Wales,65.18
P00280,2024-04-03,Scotland,79.95
P00281,2024-04-03,England,78.24
P00282,2024-04-03,Wales,80.2
P00283,2024-04-04,Scotland,66.7
P00284,2024-04-04,England,83.37
P00285,2024-04-04,Wales,70.96
P00286,2024-04-05,Scotland,84.51
P00287,2024-04-05,England,76.2
P00288,2024-04-05,Wales,65.67
P00289,2024-04-06,Scotland,83.22
P00290,2024-04-06,England,84.38
P00291,2024-04-06,Wales,68.7
P00292,2024-04-07,Scotland,73.93
P00293,2024-04-07,England,86.24
P00294,2024-04-07,Wales,73.8
P00295,2024-04-08,Scotland,83.43
P00296,2024-04-08,England,93.92
P00297,2024-04-08,Wales,79.87
P00298,2024-04-09,Scotland,79.79
P00299,2024-04-09,England,75.66
P00300,2024-04-09,Wales,77.92
P00301,2024-04-10,Scotland,78.72
P00302,2024-04-10,England,70.52
P00303,2024-04-10,Wales,85.7
P00304,2024-04-11,Scotland,68.34
P00305,2024-04-11,England,76.38
P00306,2024-04-11,Wales,81.78
P00307,2024-04-12,Scotland,65.98
P00308,2024-04-12,England,69.25
P00309,2024-04-12,Wales,86.57
P00310,2024-04-13,Scotland,78.5
P00311,2024-04-13,England,88.75
P00312,2024-04-13,Wales,72.3
P00313,2024-04-14,Scotland,85.93
P00314,2024-04-14,England,83.54
P00315,2024-04-14,Wales,79.4
P00316,2024-04-15,Scotland,72.37
P00317,2024-04-15,England,78.79
P00318,2024-04-15,Wales,63.98
P00319,2024-04-16,Scotland,80.57
P00320,2024-04-16,England,92.1
P00321,2024-04-16,Wales,83.23
P00322,2024-04-17,Scotland,85.91
P00323,2024-04-17,England,89.02
P00324,2024-04-17,Wales,65.91
P00325,2024-04-18,Scotland,83.71
P00326,2024-04-18,England,86.79
P00327,2024-04-18,Wales,72.54
P00328,2024-04-19,Scotland,77.05
P00329,2024-04-19,England,92.77
P00330,2024-04-19,Wales,63.28
P00331,2024-04-20,Scotland,65.6
P00332,2024-04-20,England,80.55
P00333,2024-04-20,Wales,74.34
P00334,2024-04-21,Scotland,77.09
P00335,2024-04-21,England,76.57
P00336,2024-04-21,Wales,80.39
P00337,2024-04-22,Scotland,73.95
P00338,2024-04-22,England,90.01
P00339,2024-04-22,Wales,84.08
P00340,2024-04-23,Scotland,73.52
P00341,2024-04-23,England,92.49
P00342,2024-04-23,Wales,72.04
P00343,2024-04-24,Scotland,66.3
P00344,2024-04-24,England,91.26
P00345,2024-04-24,Wales,72.15
P00346,2024-04-25,Scotland,82.3
P00347,2024-04-25,England,90.68
P00348,2024-04-25,Wales,67.49
P00349,2024-04-26,Scotland,83.0
P00350,2024-04-26,England,81.08
P00351,2024-04-26,Wales,66.46
P00352,2024-04-27,Scotland,73.88
P00353,2024-04-27,England,87.27
P00354,2024-04-27,Wales,66.33
P00355,2024-04-28,Scotland,71.07
P00356,2024-04-28,England,92.11
P00357,2024-04-28,Wales,62.18
P00358,2024-04-29,Scotland,66.07
P00359,2024-04-29,England,78.34
P00360,2024-04-29,Wales,64.13
P00361,2024-04-30,Scotland,67.78
P00362,2024-04-30,England,79.2
P00363,2024-04-30,Wales,68.93
P00364,2024-05-01,Scotland,69.58
P00365,2024-05-01,England,64.68
P00366,2024-05-01,Wales,77.49
P00367,2024-05-02,Scotland,67.52
P00368,2024-05-02,England,83.78
P00369,2024-05-02,Wales,80.54
P00370,2024-05-03,Scotland,57.53
P00371,2024-05-03,England,86.78
P00372,2024-05-03,Wales,70.54
P00373,2024-05-04,Scotland,69.88
P00374,2024-05-04,England,88.45
P00375,2024-05-04,Wales,63.06
P00376,2024-05-05,Scotland,67.53
P00377,2024-05-05,England,87.07
P00378,2024-05-05,Wales,77.56
P00379,2024-05-06,Scotland,71.53
P00380,2024-05-06,England,82.84
P00381,2024-05-06,Wales,76.6
P00382,2024-05-07,Scotland,81.24
P00383,2024-05-07,England,76.18
P00384,2024-05-07,Wales,62.37
P00385,2024-05-08,Scotland,70.11
P00386,2024-05-08,England,73.5
P00387,2024-05-08,Wales,73.06
P00388,2024-05-09,Scotland,78.55
P00389,2024-05-09,England,82.55
P00390,2024-05-09,Wales,77.69
P00391,2024-05-10,Scotland,81.83
P00392,2024-05-10,England,89.48
P00393,2024-05-10,Wales,69.42
P00394,2024-05-11,Scotland,81.49
P00395,2024-05-11,England,78.98
P00396,2024-05-11,Wales,72.9
P00397,2024-05-12,Scotland,59.27
P00398,2024-05-12,England,74.57
P00399,2024-05-12,Wales,78.4
P00400,2024-05-13,Scotland,61.91
P00401,2024-05-13,England,70.02
P00402,2024-05-13,Wales,63.84
P00403,2024-05-14,Scotland,69.28
P00404,2024-05-14,England,72.11
P00405,2024-05-14,Wales,78.75
P00406,2024-05-15,Scotland,64.51
P00407,2024-05-15,England,88.68
P00408,2024-05-15,Wales,66.38
P00409,2024-05-16,Scotland,79.54
P00410,2024-05-16,England,75.7
P00411,2024-05-16,Wales,75.22
P00412,2024-05-17,Scotland,58.41
P00413,2024-05-17,England,88.7
P00414,2024-05-17,Wales,61.05
P00415,2024-05-18,Scotland,58.85
P00416,2024-05-18,England,88.85
P00417,2024-05-18,Wales,56.09
P00418,2024-05-19,Scotland,57.84
P00419,2024-05-19,England,69.68
P00420,2024-05-19,Wales,77.66
P00421,2024-05-20,Scotland,73.78
P00422,2024-05-20,England,69.44
P00423,2024-05-20,Wales,67.79
P00424,2024-05-21,Scotland,60.09
P00425,2024-05-21,England,88.59
P00426,2024-05-21,Wales,67.56
P00427,2024-05-22,Scotland,63.92
P00428,2024-05-22,England,72.96
P00429,2024-05-22,Wales,71.36
P00430,2024-05-23,Scotland,83.02
P00431,2024-05-23,England,82.4
P00432,2024-05-23,Wales,76.0
P00433,2024-05-24,Scotland,61.42
P00434,2024-05-24,England,71.4
P00435,2024-05-24,Wales,70.62
P00436,2024-05-25,Scotland,82.08
P00437,2024-05-25,England,78.55
P00438,2024-05-25,Wales,79.52
P00439,2024-05-26,Scotland,67.13
P00440,2024-05-26,England,88.42
P00441,2024-05-26,Wales,60.35
P00442,2024-05-27,Scotland,72.99
P00443,2024-05-27,England,85.43
P00444,2024-05-27,Wales,61.56
P00445,2024-05-28,Scotland,75.82
P00446,2024-05-28,England,71.14
P00447,2024-05-28,Wales,73.47
P00448,2024-05-29,Scotland,78.75
P00449,2024-05-29,England,84.5
P00450,2024-05-29,Wales,70.28
P00451,2024-05-30,Scotland,58.11
P00452,2024-05-30,England,77.38
P00453,2024-05-30,Wales,72.86
P00454,2024-05-31,Scotland,58.86
P00455,2024-05-31,England,80.48
P00456,2024-05-31,Wales,55.34
P00457,2024-06-01,Scotland,68.34
P00458,2024-06-01,England,76.24
P00459,2024-06-01,Wales,66.71
P00460,2024-06-02,Scotland,66.78
P00461,2024-06-02,England,87.07
P00462,2024-06-02,Wales,67.41
P00463,2024-06-03,Scotland,61.13
P00464,2024-06-03,England,67.76
P00465,2024-06-03,Wales,69.09
P00466,2024-06-04,Scotland,74.56
P00467,2024-06-04,England,79.63
P00468,2024-06-04,Wales,79.83
P00469,2024-06-05,Scotland,77.92
P00470,2024-06-05,England,75.55
P00471,2024-06-05,Wales,77.29
P00472,2024-06-06,Scotland,73.0
P00473,2024-06-06,England,71.7
P00474,2024-06-06,Wales,61.63
P00475,2024-06-07,Scotland,82.23
P00476,2024-06-07,England,70.53
P00477,2024-06-07,Wales,67.17
P00478,2024-06-08,Scotland,77.26
P00479,2024-06-08,England,78.39
P00480,2024-06-08,Wales,73.04
P00481,2024-06-09,Scotland,66.08
P00482,2024-06-09,England,76.35
P00483,2024-06-09,Wales,63.78
P00484,2024-06-10,Scotland,70.16
P00485,2024-06-10,England,72.58
P00486,2024-06-10,Wales,61.98
P00487,2024-06-11,Scotland,64.55
P00488,2024-06-11,England,79.1
P00489,2024-06-11,Wales,78.76
P00490,2024-06-12,Scotland,72.01
P00491,2024-06-12,England,76.95
P00492,2024-06-12,Wales,60.16
P00493,2024-06-13,Scotland,63.52
P00494,2024-06-13,England,73.97
P00495,2024-06-13,Wales,69.99
P00496,2024-06-14,Scotland,63.49
P00497,2024-06-14,England,75.85
P00498,2024-06-14,Wales,74.22
P00499,2024-06-15,Scotland,69.1
P00500,2024-06-15,England,63.47
P00501,2024-06-15,Wales,62.94
P00502,2024-06-16,Scotland,67.92
P00503,2024-06-16,England,69.57
P00504,2024-06-16,Wales,72.93
P00505,2024-06-17,Scotland,66.96
P00506,2024-06-17,England,77.94
P00507,2024-06-17,Wales,64.28
P00508,2024-06-18,Scotland,83.91
P00509,2024-06-18,England,77.86
P00510,2024-06-18,Wales,64.5
P00511,2024-06-19,Scotland,69.25
P00512,2024-06-19,England,71.28
P00513,2024-06-19,Wales,61.22
P00514,2024-06-20,Scotland,76.47
P00515,2024-06-20,England,71.52
P00516,2024-06-20,Wales,75.06
P00517,2024-06-21,Scotland,82.67
P00518,2024-06-21,England,81.63
P00519,2024-06-21,Wales,60.17
P00520,2024-06-22,Scotland,76.94
P00521,2024-06-22,England,70.47
P00522,2024-06-22,Wales,70.92
P00523,2024-06-23,Scotland,77.53
P00524,2024-06-23,England,79.11
P00525,2024-06-23,Wales,81.47
P00526,2024-06-24,Scotland,79.48
P00527,2024-06-24,England,71.0
P00528,2024-06-24,Wales,64.74
P00529,2024-06-25,Scotland,65.16
P00530,2024-06-25,England,82.12
P00531,2024-06-25,Wales,58.42
P00532,2024-06-26,Scotland,58.23
P00533,2024-06-26,England,64.47
P00534,2024-06-26,Wales,62.89
P00535,2024-06-27,Scotland,82.49
P00536,2024-06-27,England,80.22
P00537,2024-06-27,Wales,75.33
P00538,2024-06-28,Scotland,59.77
P00539,2024-06-28,England,63.33
P00540,2024-06-28,Wales,62.68
P00541,2024-06-29,Scotland,69.93
P00542,2024-06-29,England,72.2
P00543,2024-06-29,Wales,81.07
P00544,2024-06-30,Scotland,63.82
P00545,2024-06-30,England,86.27
P00546,2024-06-30,Wales,58.08
P00547,2024-07-01,Scotland,58.76
P00548,2024-07-01,England,76.28
P00549,2024-07-01,Wales,70.58
P00550,2024-07-02,Scotland,75.53
P00551,2024-07-02,England,67.1
P00552,2024-07-02,Wales,76.9
P00553,2024-07-03,Scotland,82.63
P00554,2024-07-03,England,65.3
P00555,2024-07-03,Wales,61.7
P00556,2024-07-04,Scotland,72.07
P00557,2024-07-04,England,74.24
P00558,2024-07-04,Wales,71.1
P00559,2024-07-05,Scotland,73.7
P00560,2024-07-05,England,83.94
P00561,2024-07-05,Wales,65.27
P00562,2024-07-06,Scotland,81.53
P00563,2024-07-06,England,71.03
P00564,2024-07-06,Wales,70.89
P00565,2024-07-07,Scotland,68.58
P00566,2024-07-07,England,78.35
P00567,2024-07-07,Wales,56.63
P00568,2024-07-08,Scotland,82.92
P00569,2024-07-08,England,65.68
P00570,2024-07-08,Wales,75.59
P00571,2024-07-09,Scotland,73.89
P00572,2024-07-09,England,70.15
P00573,2024-07-09,Wales,57.19
P00574,2024-07-10,Scotland,63.48
P00575,2024-07-10,England,77.9
P00576,2024-07-10,Wales,59.23
P00577,2024-07-11,Scotland,68.03
P00578,2024-07-11,England,81.61
P00579,2024-07-11,Wales,67.69
P00580,2024-07-12,Scotland,57.88
P00581,2024-07-12,England,70.78
P00582,2024-07-12,Wales,62.63
P00583,2024-07-13,Scotland,80.21
P00584,2024-07-13,England,64.92
P00585,2024-07-13,Wales,61.3
P00586,2024-07-14,Scotland,64.14
P00587,2024-07-14,England,84.36
P00588,2024-07-14,Wales,70.92
P00589,2024-07-15,Scotland,78.71
P00590,2024-07-15,England,68.34
P00591,2024-07-15,Wales,58.1
P00592,2024-07-16,Scotland,63.07
P00593,2024-07-16,England,67.02
P00594,2024-07-16,Wales,62.17
P00595,2024-07-17,Scotland,60.84
P00596,2024-07-17,England,64.61
P00597,2024-07-17,Wales,76.4
P00598,2024-07-18,Scotland,73.07
P00599,2024-07-18,England,85.25
P00600,2024-07-18,Wales,79.87
P00601,2024-07-19,Scotland,68.86
P00602,2024-07-19,England,75.65
P00603,2024-07-19,Wales,63.21
P00604,2024-07-20,Scotland,67.87
P00605,2024-07-20,England,70.35
P00606,2024-07-20,Wales,69.58
P00607,2024-07-21,Scotland,68.82
P00608,2024-07-21,England,79.15
P00609,2024-07-21,Wales,79.01
P00610,2024-07-22,Scotland,76.83
P00611,2024-07-22,England,79.3
P00612,2024-07-22,Wales,55.7
P00613,2024-07-23,Scotland,63.18
P00614,2024-07-23,England,81.21
P00615,2024-07-23,Wales,78.23
P00616,2024-07-24,Scotland,72.85
P00617,2024-07-24,England,63.56
P00618,2024-07-24,Wales,75.65
P00619,2024-07-25,Scotland,79.18
P00620,2024-07-25,England,78.56
P00621,2024-07-25,Wales,75.6
P00622,2024-07-26,Scotland,61.73
P00623,2024-07-26,England,77.01
P00624,2024-07-26,Wales,66.94
P00625,2024-07-27,Scotland,64.51
P00626,2024-07-27,England,89.92
P00627,2024-07-27,Wales,66.77
P00628,2024-07-28,Scotland,78.98
P00629,2024-07-28,England,89.16
P00630,2024-07-28,Wales,67.69
P00631,2024-07-29,Scotland,68.03
P00632,2024-07-29,England,71.67
P00633,2024-07-29,Wales,57.82
P00634,2024-07-30,Scotland,61.34
P00635,2024-07-30,England,74.11
P00636,2024-07-30,Wales,68.38
P00637,2024-07-31,Scotland,74.89
P00638,2024-07-31,England,73.81
P00639,2024-07-31,Wales,75.53
P00640,2024-08-01,Scotland,57.99
P00641,2024-08-01,England,65.38
P00642,2024-08-01,Wales,61.81
P00643,2024-08-02,Scotland,60.13
P00644,2024-08-02,England,83.86
P00645,2024-08-02,Wales,78.35
P00646,2024-08-03,Scotland,79.27
P00647,2024-08-03,England,63.03
P00648,2024-08-03,Wales,78.47
P00649,2024-08-04,Scotland,69.47
P00650,2024-08-04,England,64.46
P00651,2024-08-04,Wales,69.0
P00652,2024-08-05,Scotland,73.81
P00653,2024-08-05,England,76.46
P00654,2024-08-05,Wales,66.94
P00655,2024-08-06,Scotland,58.39
P00656,2024-08-06,England,70.21
P00657,2024-08-06,Wales,58.54
P00658,2024-08-07,Scotland,64.78
P00659,2024-08-07,England,86.78
P00660,2024-08-07,Wales,68.09
P00661,2024-08-08,Scotland,57.78
P00662,2024-08-08,England,80.01
P00663,2024-08-08,Wales,76.58
P00664,2024-08-09,Scotland,76.16
P00665,2024-08-09,England,71.39
P00666,2024-08-09,Wales,55.37
P00667,2024-08-10,Scotland,68.02
P00668,2024-08-10,England,69.07
P00669,2024-08-10,Wales,77.72
P00670,2024-08-11,Scotland,60.06
P00671,2024-08-11,England,88.57
P00672,2024-08-11,Wales,72.49
P00673,2024-08-12,Scotland,61.16
P00674,2024-08-12,England,88.18
P00675,2024-08-12,Wales,62.88
P00676,2024-08-13,Scotland,76.05
P00677,2024-08-13,England,74.22
P00678,2024-08-13,Wales,68.03
P00679,2024-08-14,Scotland,69.75
P00680,2024-08-14,England,75.33
P00681,2024-08-14,Wales,58.91
P00682,2024-08-15,Scotland,62.15
P00683,2024-08-15,England,79.18
P00684,2024-08-15,Wales,75.15
P00685,2024-08-16,Scotland,60.69
P00686,2024-08-16,England,64.88
P00687,2024-08-16,Wales,75.86
P00688,2024-08-17,Scotland,80.07
P00689,2024-08-17,England,72.18
P00690,2024-08-17,Wales,76.27
P00691,2024-08-18,Scotland,64.21
P00692,2024-08-18,England,63.07
P00693,2024-08-18,Wales,74.6
P00694,2024-08-19,Scotland,79.61
P00695,2024-08-19,England,78.66
P00696,2024-08-19,Wales,72.82
P00697,2024-08-20,Scotland,80.36
P00698,2024-08-20,England,75.06
P00699,2024-08-20,Wales,68.08
P00700,2024-08-21,Scotland,65.98
P00701,2024-08-21,England,83.6
P00702,2024-08-21,Wales,65.18
P00703,2024-08-22,Scotland,82.19
P00704,2024-08-22,England,86.48
P00705,2024-08-22,Wales,81.48
P00706,2024-08-23,Scotland,63.45
P00707,2024-08-23,England,73.34
P00708,2024-08-23,Wales,78.11
P00709,2024-08-24,Scotland,68.09
P00710,2024-08-24,England,71.59
P00711,2024-08-24,Wales,67.77
P00712,2024-08-25,Scotland,81.66
P00713,2024-08-25,England,73.29
P00714,2024-08-25,Wales,81.69
P00715,2024-08-26,Scotland,78.39
P00716,2024-08-26,England,80.6
P00717,2024-08-26,Wales,59.11
P00718,2024-08-27,Scotland,83.05
P00719,2024-08-27,England,66.41
P00720,2024-08-27,Wales,81.06
P00721,2024-08-28,Scotland,65.96
P00722,2024-08-28,England,65.71
P00723,2024-08-28,Wales,77.82
P00724,2024-08-29,Scotland,59.69
P00725,2024-08-29,England,87.58
P00726,2024-08-29,Wales,55.41
P00727,2024-08-30,Scotland,60.89
P00728,2024-08-30,England,86.52
P00729,2024-08-30,Wales,81.19
P00730,2024-08-31,Scotland,59.02
P00731,2024-08-31,England,84.1
P00732,2024-08-31,Wales,62.16
P00733,2024-09-01,Scotland,78.83
P00734,2024-09-01,England,78.73
P00735,2024-09-01,Wales,62.17
P00736,2024-09-02,Scotland,70.87
P00737,2024-09-02,England,86.21
P00738,2024-09-02,Wales,74.41
P00739,2024-09-03,Scotland,87.76
P00740,2024-09-03,England,84.92
P00741,2024-09-03,Wales,83.96
P00742,2024-09-04,Scotland,75.17
P00743,2024-09-04,England,82.61
P00744,2024-09-04,Wales,76.67
P00745,2024-09-05,Scotland,68.34
P00746,2024-09-05,England,86.48
P00747,2024-09-05,Wales,67.76
P00748,2024-09-06,Scotland,68.14
P00749,2024-09-06,England,70.44
P00750,2024-09-06,Wales,86.42
P00751,2024-09-07,Scotland,82.53
P00752,2024-09-07,England,87.01
P00753,2024-09-07,Wales,62.71
P00754,2024-09-08,Scotland,66.49
P00755,2024-09-08,England,76.09
P00756,2024-09-08,Wales,60.78
P00757,2024-09-09,Scotland,70.76
P00758,2024-09-09,England,69.52
P00759,2024-09-09,Wales,69.68
P00760,2024-09-10,Scotland,73.63
P00761,2024-09-10,England,74.59
P00762,2024-09-10,Wales,71.13
P00763,2024-09-11,Scotland,80.41
P00764,2024-09-11,England,72.86
P00765,2024-09-11,Wales,64.73
P00766,2024-09-12,Scotland,78.46
P00767,2024-09-12,England,78.33
P00768,2024-09-12,Wales,78.44
P00769,2024-09-13,Scotland,75.44
P00770,2024-09-13,England,83.75
P00771,2024-09-13,Wales,66.27
P00772,2024-09-14,Scotland,79.22
P00773,2024-09-14,England,80.41
P00774,2024-09-14,Wales,78.0
P00775,2024-09-15,Scotland,86.27
P00776,2024-09-15,England,80.56
P00777,2024-09-15,Wales,67.77
P00778,2024-09-16,Scotland,76.76
P00779,2024-09-16,England,69.99
P00780,2024-09-16,Wales,85.52
P00781,2024-09-17,Scotland,88.67
P00782,2024-09-17,England,76.08
P00783,2024-09-17,Wales,85.97
P00784,2024-09-18,Scotland,80.64
P00785,2024-09-18,England,80.33
P00786,2024-09-18,Wales,68.16
P00787,2024-09-19,Scotland,88.98
P00788,2024-09-19,England,91.04
P00789,2024-09-19,Wales,62.88
P00790,2024-09-20,Scotland,72.3
P00791,2024-09-20,England,77.69
P00792,2024-09-20,Wales,67.99
P00793,2024-09-21,Scotland,80.88
P00794,2024-09-21,England,68.59
P00795,2024-09-21,Wales,82.41
P00796,2024-09-22,Scotland,72.69
P00797,2024-09-22,England,68.22
P00798,2024-09-22,Wales,83.36
P00799,2024-09-23,Scotland,83.01
P00800,2024-09-23,England,94.29
P00801,2024-09-23,Wales,84.59
P00802,2024-09-24,Scotland,82.12
P00803,2024-09-24,England,90.49
P00804,2024-09-24,Wales,84.38
P00805,2024-09-25,Scotland,82.95
P00806,2024-09-25,England,74.21
P00807,2024-09-25,Wales,81.65
P00808,2024-09-26,Scotland,67.91
P00809,2024-09-26,England,73.13
P00810,2024-09-26,Wales,66.77
P00811,2024-09-27,Scotland,82.4
P00812,2024-09-27,England,88.72
P00813,2024-09-27,Wales,78.38
P00814,2024-09-28,Scotland,65.69
P00815,2024-09-28,England,70.62
P00816,2024-09-28,Wales,76.94
P00817,2024-09-29,Scotland,63.06
P00818,2024-09-29,England,89.29
P00819,2024-09-29,Wales,60.9
P00820,2024-09-30,Scotland,71.85
P00821,2024-09-30,England,71.55
P00822,2024-09-30,Wales,84.56
P00823,2024-10-01,Scotland,70.82
P00824,2024-10-01,England,79.22
P00825,2024-10-01,Wales,65.42
P00826,2024-10-02,Scotland,83.24
P00827,2024-10-02,England,91.66
P00828,2024-10-02,Wales,69.88
P00829,2024-10-03,Scotland,75.55
P00830,2024-10-03,England,75.36
P00831,2024-10-03,Wales,64.44
P00832,2024-10-04,Scotland,86.68
P00833,2024-10-04,England,93.49
P00834,2024-10-04,Wales,86.12
P00835,2024-10-05,Scotland,69.97
P00836,2024-10-05,England,91.5
P00837,2024-10-05,Wales,81.71
P00838,2024-10-06,Scotland,74.64
P00839,2024-10-06,England,70.03
P00840,2024-10-06,Wales,80.36
P00841,2024-10-07,Scotland,68.09
P00842,2024-10-07,England,86.26
P00843,2024-10-07,Wales,78.21
P00844,2024-10-08,Scotland,72.73
P00845,2024-10-08,England,90.84
P00846,2024-10-08,Wales,75.05
P00847,2024-10-09,Scotland,64.44
P00848,2024-10-09,England,78.65
P00849,2024-10-09,Wales,67.14
P00850,2024-10-10,Scotland,65.34
P00851,2024-10-10,England,77.95
P00852,2024-10-10,Wales,80.22
P00853,2024-10-11,Scotland,69.08
P00854,2024-10-11,England,78.29
P00855,2024-10-11,Wales,77.24
P00856,2024-10-12,Scotland,72.03
P00857,2024-10-12,England,86.22
P00858,2024-10-12,Wales,72.73
P00859,2024-10-13,Scotland,78.73
P00860,2024-10-13,England,93.47
P00861,2024-10-13,Wales,68.86
P00862,2024-10-14,Scotland,78.47
P00863,2024-10-14,England,85.49
P00864,2024-10-14,Wales,77.16
P00865,2024-10-15,Scotland,74.54
P00866,2024-10-15,England,86.93
P00867,2024-10-15,Wales,77.53
P00868,2024-10-16,Scotland,65.15
P00869,2024-10-16,England,69.22
P00870,2024-10-16,Wales,61.0
P00871,2024-10-17,Scotland,88.89
P00872,2024-10-17,England,71.14
P00873,2024-10-17,Wales,66.34
P00874,2024-10-18,Scotland,76.51
P00875,2024-10-18,England,78.49
P00876,2024-10-18,Wales,70.02
P00877,2024-10-19,Scotland,87.63
P00878,2024-10-19,England,86.81
P00879,2024-10-19,Wales,74.59
P00880,2024-10-20,Scotland,77.86
P00881,2024-10-20,England,87.62
P00882,2024-10-20,Wales,83.91
P00883,2024-10-21,Scotland,79.68
P00884,2024-10-21,England,90.51
P00885,2024-10-21,Wales,76.62
P00886,2024-10-22,Scotland,87.35
P00887,2024-10-22,England,75.55
P00888,2024-10-22,Wales,78.64
P00889,2024-10-23,Scotland,67.87
P00890,2024-10-23,England,80.01
P00891,2024-10-23,Wales,66.38
P00892,2024-10-24,Scotland,71.79
P00893,2024-10-24,England,94.49
P00894,2024-10-24,Wales,69.92
P00895,2024-10-25,Scotland,86.35
P00896,2024-10-25,England,85.41
P00897,2024-10-25,Wales,61.63
P00898,2024-10-26,Scotland,69.45
P00899,2024-10-26,England,94.14
P00900,2024-10-26,Wales,85.62
P00901,2024-10-27,Scotland,84.25
P00902,2024-10-27,England,70.48
P00903,2024-10-27,Wales,65.73
P00904,2024-10-28,Scotland,79.27
P00905,2024-10-28,England,94.22
P00906,2024-10-28,Wales,61.37
P00907,2024-10-29,Scotland,71.0
P00908,2024-10-29,England,94.7
P00909,2024-10-29,Wales,81.25
P00910,2024-10-30,Scotland,67.54
P00911,2024-10-30,England,90.41
P00912,2024-10-30,Wales,74.96
P00913,2024-10-31,Scotland,77.83
P00914,2024-10-31,England,89.95
P00915,2024-10-31,Wales,66.29
P00916,2024-11-01,Scotland,88.91
P00917,2024-11-01,England,95.29
P00918,2024-11-01,Wales,82.09
P00919,2024-11-02,Scotland,75.49
P00920,2024-11-02,England,100.57
P00921,2024-11-02,Wales,92.66
P00922,2024-11-03,Scotland,82.59
P00923,2024-11-03,England,95.56
P00924,2024-11-03,Wales,68.97
P00925,2024-11-04,Scotland,91.39
P00926,2024-11-04,England,77.56
P00927,2024-11-04,Wales,75.67
P00928,2024-11-05,Scotland,89.29
P00929,2024-11-05,England,89.9
P00930,2024-11-05,Wales,66.43
P00931,2024-11-06,Scotland,75.16
P00932,2024-11-06,England,77.42
P00933,2024-11-06,Wales,77.37
P00934,2024-11-07,Scotland,71.07
P00935,2024-11-07,England,75.72
P00936,2024-11-07,Wales,78.1
P00937,2024-11-08,Scotland,77.78
P00938,2024-11-08,England,90.03
P00939,2024-11-08,Wales,78.2
P00940,2024-11-09,Scotland,73.98
P00941,2024-11-09,England,90.61
P00942,2024-11-09,Wales,85.64
P00943,2024-11-10,Scotland,92.54
P00944,2024-11-10,England,91.79
P00945,2024-11-10,Wales,74.14
P00946,2024-11-11,Scotland,85.37
P00947,2024-11-11,England,74.84
P00948,2024-11-11,Wales,92.96
P00949,2024-11-12,Scotland,90.88
P00950,2024-11-12,England,85.51
P00951,2024-11-12,Wales,68.91
P00952,2024-11-13,Scotland,87.23
P00953,2024-11-13,England,85.98
P00954,2024-11-13,Wales,90.28
P00955,2024-11-14,Scotland,76.7
P00956,2024-11-14,England,78.01
P00957,2024-11-14,Wales,69.41
P00958,2024-11-15,Scotland,84.86
P00959,2024-11-15,England,89.8
P00960,2024-11-15,Wales,85.23
P00961,2024-11-16,Scotland,78.28
P00962,2024-11-16,England,90.13
P00963,2024-11-16,Wales,73.96
P00964,2024-11-17,Scotland,81.65
P00965,2024-11-17,England,85.62
P00966,2024-11-17,Wales,87.41
P00967,2024-11-18,Scotland,71.09
P00968,2024-11-18,England,91.68
P00969,2024-11-18,Wales,89.7
P00970,2024-11-19,Scotland,82.89
P00971,2024-11-19,England,97.37
P00972,2024-11-19,Wales,77.61
P00973,2024-11-20,Scotland,91.98
P00974,2024-11-20,England,85.17
P00975,2024-11-20,Wales,88.34
P00976,2024-11-21,Scotland,78.77
P00977,2024-11-21,England,93.7
P00978,2024-11-21,Wales,74.44
P00979,2024-11-22,Scotland,76.44
P00980,2024-11-22,England,80.88
P00981,2024-11-22,Wales,91.75
P00982,2024-11-23,Scotland,86.54
P00983,2024-11-23,England,86.81
P00984,2024-11-23,Wales,68.46
P00985,2024-11-24,Scotland,70.3
P00986,2024-11-24,England,85.66
P00987,2024-11-24,Wales,86.1
P00988,2024-11-25,Scotland,78.06
P00989,2024-11-25,England,77.51
P00990,2024-11-25,Wales,67.62
P00991,2024-11-26,Scotland,93.83
P00992,2024-11-26,England,89.17
P00993,2024-11-26,Wales,84.09
P00994,2024-11-27,Scotland,79.09
P00995,2024-11-27,England,97.59
P00996,2024-11-27,Wales,91.41
P00997,2024-11-28,Scotland,79.42
P00998,2024-11-28,England,98.73
P00999,2024-11-28,Wales,67.39
P01000,2024-11-29,Scotland,75.77
P01001,2024-11-29,England,82.44
P01002,2024-11-29,Wales,68.8
P01003,2024-11-30,Scotland,81.7
P01004,2024-11-30,England,78.18
P01005,2024-11-30,Wales,79.02
P01006,2024-12-01,Scotland,90.88
P01007,2024-12-01,England,83.45
P01008,2024-12-01,Wales,81.02
P01009,2024-12-02,Scotland,71.1
P01010,2024-12-02,England,81.52
P01011,2024-12-02,Wales,72.11
P01012,2024-12-03,Scotland,79.59
P01013,2024-12-03,England,89.15
P01014,2024-12-03,Wales,86.72
P01015,2024-12-04,Scotland,84.79
P01016,2024-12-04,England,92.22
P01017,2024-12-04,Wales,81.03
P01018,2024-12-05,Scotland,84.44
P01019,2024-12-05,England,91.76
P01020,2024-12-05,Wales,84.72
P01021,2024-12-06,Scotland,68.78
P01022,2024-12-06,England,81.38
P01023,2024-12-06,Wales,86.59
P01024,2024-12-07,Scotland,92.88
P01025,2024-12-07,England,83.48
P01026,2024-12-07,Wales,70.9
P01027,2024-12-08,Scotland,71.87
P01028,2024-12-08,England,91.75
P01029,2024-12-08,Wales,67.88
P01030,2024-12-09,Scotland,88.01
P01031,2024-12-09,England,100.24
P01032,2024-12-09,Wales,68.48
P01033,2024-12-10,Scotland,82.32
P01034,2024-12-10,England,84.16
P01035,2024-12-10,Wales,78.25
P01036,2024-12-11,Scotland,72.25
P01037,2024-12-11,England,82.41
P01038,2024-12-11,Wales,74.76
P01039,2024-12-12,Scotland,93.42
P01040,2024-12-12,England,90.1
P01041,2024-12-12,Wales,89.85
P01042,2024-12-13,Scotland,72.2
P01043,2024-12-13,England,94.37
P01044,2024-12-13,Wales,67.34
P01045,2024-12-14,Scotland,70.2
P01046,2024-12-14,England,85.96
P01047,2024-12-14,Wales,77.45
P01048,2024-12-15,Scotland,84.39
P01049,2024-12-15,England,85.18
P01050,2024-12-15,Wales,71.82
P01051,2024-12-16,Scotland,81.83
P01052,2024-12-16,England,83.32
P01053,2024-12-16,Wales,68.99
P01054,2024-12-17,Scotland,86.31
P01055,2024-12-17,England,90.01
P01056,2024-12-17,Wales,80.23
P01057,2024-12-18,Scotland,76.33
P01058,2024-12-18,England,79.95
P01059,2024-12-18,Wales,92.58
P01060,2024-12-19,Scotland,69.48
P01061,2024-12-19,England,79.52
P01062,2024-12-19,Wales,91.52
P01063,2024-12-20,Scotland,88.72
P01064,2024-12-20,England,94.63
P01065,2024-12-20,Wales,73.82
P01066,2024-12-21,Scotland,71.24
P01067,2024-12-21,England,87.43
P01068,2024-12-21,Wales,77.63
P01069,2024-12-22,Scotland,71.49
P01070,2024-12-22,England,88.38
P01071,2024-12-22,Wales,72.21
P01072,2024-12-23,Scotland,83.09
P01073,2024-12-23,England,92.04
P01074,2024-12-23,Wales,75.56
P01075,2024-12-24,Scotland,78.72
P01076,2024-12-24,England,94.04
P01077,2024-12-24,Wales,77.78
P01078,2024-12-25,Scotland,80.41
P01079,2024-12-25,England,76.1
P01080,2024-12-25,Wales,74.45
P01081,2024-12-26,Scotland,79.59
P01082,2024-12-26,England,84.92
P01083,2024-12-26,Wales,83.28
P01084,2024-12-27,Scotland,75.82
P01085,2024-12-27,England,84.94
P01086,2024-12-27,Wales,92.09
P01087,2024-12-28,Scotland,72.64
P01088,2024-12-28,England,99.59
P01089,2024-12-28,Wales,78.42
P01090,2024-12-29,Scotland,86.62
P01091,2024-12-29,England,83.77
P01092,2024-12-29,Wales,77.79
P01093,2024-12-30,Scotland,70.86
P01094,2024-12-30,England,85.76
P01095,2024-12-30,Wales,76.81
P01096,2024-12-31,Scotland,70.12
P01097,2024-12-31,England,97.5
P01098,2024-12-31,Wales,86.14
