weather_id,site_id,weather_date,avg_temperature_c,wind_speed_mps,solar_irradiance_kwh_m2,rainfall_mm
W00001,S001,2024-01-01,13.28,9.27,3.57,5.12
W00002,S001,2024-01-02,4.21,7.83,2.25,4.92
W00003,S001,2024-01-03,3.93,6.96,1.67,6.98
W00004,S001,2024-01-04,4.5,9.95,2.2,9.26
W00005,S001,2024-01-05,8.75,5.9,2.18,4.77
W00006,S001,2024-01-06,7.31,3.86,2.46,0
W00007,S001,2024-01-07,8.04,7.99,2.19,1.65
W00008,S001,2024-01-08,8.01,7.26,1.68,1.55
W00009,S001,2024-01-09,4.57,8.72,1.93,0
W00010,S001,2024-01-10,7.83,5.37,0.1,4.56
W00011,S001,2024-01-11,4.69,6.33,2.64,1.56
W00012,S001,2024-01-12,1.06,4.68,0.98,10.24
W00013,S001,2024-01-13,4.38,8.57,2.61,3.19
W00014,S001,2024-01-14,2.61,9.28,2.27,1.06
W00015,S001,2024-01-15,6.1,5.29,2.27,2.62
W00016,S001,2024-01-16,0.63,7.95,0.96,1.9
W00017,S001,2024-01-17,19.03,8.7,1.75,5.11
W00018,S001,2024-01-18,7.91,8.93,1.05,9.01
W00019,S001,2024-01-19,9.4,7.45,3.35,7.65
W00020,S001,2024-01-20,11.82,5.77,2.32,2.23
W00021,S001,2024-01-21,6.99,8.31,2.36,2.81
W00022,S001,2024-01-22,5.99,11.26,2.08,0
W00023,S001,2024-01-23,13.04,8.92,3.83,2.06
W00024,S001,2024-01-24,7.78,6.37,2.92,1.36
W00025,S001,2024-01-25,8.26,8.66,1.5,5.82
W00026,S001,2024-01-26,11.58,8.77,2.23,6.79
W00027,S001,2024-01-27,7.97,7.81,1.56,1.05
W00028,S001,2024-01-28,5.04,10.98,0.54,7.41
W00029,S001,2024-01-29,7.61,8.22,2.98,0.24
W00030,S001,2024-01-30,-0.72,7.16,3.53,9.86
W00031,S001,2024-01-31,7.13,10.07,2.19,1.57
W00032,S001,2024-02-01,2.58,6.06,1.53,0
W00033,S001,2024-02-02,5.67,8.37,2.03,4.11
W00034,S001,2024-02-03,10.51,6.59,2.71,4.95
W00035,S001,2024-02-04,-0.86,7.03,1.53,2.83
W00036,S001,2024-02-05,9.04,11.88,3.18,8.84
W00037,S001,2024-02-06,3.63,10.72,3.08,0
W00038,S001,2024-02-07,9.65,8.73,2.08,1.49
W00039,S001,2024-02-08,7.8,8.64,2.54,0.75
W00040,S001,2024-02-09,9.41,13.28,2.46,0.59
W00041,S001,2024-02-10,3.06,6.25,2.57,0
W00042,S001,2024-02-11,6.73,8.49,0.57,0.51
W00043,S001,2024-02-12,9.99,10.4,1.85,0
W00044,S001,2024-02-13,3.38,8.33,1.83,1.95
W00045,S001,2024-02-14,1.84,9.94,2.97,5.25
W00046,S001,2024-02-15,8.81,8.25,3.66,2.7
W00047,S001,2024-02-16,15.71,9.93,0.85,2.04
W00048,S001,2024-02-17,8.03,9.84,1.04,2.01
W00049,S001,2024-02-18,8.92,10.21,2.6,4.27
W00050,S001,2024-02-19,13.67,11.07,3.65,5.82
W00051,S001,2024-02-20,1.27,9.39,1.99,0
W00052,S001,2024-02-21,12.27,4.83,2.28,5.22
W00053,S001,2024-02-22,7.14,7.58,1.92,0.04
W00054,S001,2024-02-23,4.14,7.8,3.17,5.92
W00055,S001,2024-02-24,7.6,10.34,1.02,0
W00056,S001,2024-02-25,10.39,7.96,2.97,6.95
W00057,S001,2024-02-26,6.28,6.44,1.32,4.33
W00058,S001,2024-02-27,12.51,3.67,2.13,0
W00059,S001,2024-02-28,11.61,5.77,2.76,0.05
W00060,S001,2024-02-29,12.23,9.2,2.3,1.1
W00061,S001,2024-03-01,18.1,8.43,3.44,8.35
W00062,S001,2024-03-02,21.94,12.07,2.78,0
W00063,S001,2024-03-03,25.58,11.21,3.15,1.61
W00064,S001,2024-03-04,21.56,6.65,1.22,8.52
W00065,S001,2024-03-05,12.89,10.98,1.55,0
W00066,S001,2024-03-06,11.0,8.53,1.95,0
W00067,S001,2024-03-07,19.48,10.77,1.57,0
W00068,S001,2024-03-08,17.08,12.27,2.07,3.64
W00069,S001,2024-03-09,15.49,8.38,1.67,0
W00070,S001,2024-03-10,16.1,7.37,2.63,0
W00071,S001,2024-03-11,18.59,6.62,0.8,9.72
W00072,S001,2024-03-12,9.17,7.38,3.99,7.54
W00073,S001,2024-03-13,14.48,11.3,2.99,1.95
W00074,S001,2024-03-14,7.87,7.1,3.0,4.82
W00075,S001,2024-03-15,29.8,10.34,2.24,0
W00076,S001,2024-03-16,19.36,3.95,1.3,3.93
W00077,S001,2024-03-17,22.99,5.96,2.11,1.41
W00078,S001,2024-03-18,22.12,4.4,1.94,5.74
W00079,S001,2024-03-19,14.0,9.75,3.59,3.53
W00080,S001,2024-03-20,18.51,5.53,1.11,0
W00081,S001,2024-03-21,15.04,11.26,1.71,0
W00082,S001,2024-03-22,15.3,6.0,4.03,2.44
W00083,S001,2024-03-23,26.62,6.39,1.56,1.72
W00084,S001,2024-03-24,3.46,6.28,2.71,0
W00085,S001,2024-03-25,11.52,7.06,2.88,7.36
W00086,S001,2024-03-26,20.87,5.79,2.09,9.31
W00087,S001,2024-03-27,21.9,7.22,2.07,0.92
W00088,S001,2024-03-28,10.29,8.5,3.47,0
W00089,S001,2024-03-29,11.35,4.19,2.52,9.25
W00090,S001,2024-03-30,21.37,9.65,1.78,6.19
W00091,S001,2024-03-31,10.66,12.04,3.48,2.9
W00092,S001,2024-04-01,18.9,8.09,2.0,1.54
W00093,S001,2024-04-02,13.54,9.96,2.54,4.23
W00094,S001,2024-04-03,16.1,6.75,2.88,2.48
W00095,S001,2024-04-04,21.92,7.15,0.78,5.73
W00096,S001,2024-04-05,15.81,7.04,2.98,0
W00097,S001,2024-04-06,15.71,7.92,1.77,0.82
W00098,S001,2024-04-07,14.47,5.63,0.69,3.97
W00099,S001,2024-04-08,13.28,10.2,2.02,5.85
W00100,S001,2024-04-09,10.38,8.87,2.36,12.26
W00101,S001,2024-04-10,16.99,9.14,3.38,5.09
W00102,S001,2024-04-11,15.32,11.72,1.28,4.85
W00103,S001,2024-04-12,14.58,7.38,1.89,2.13
W00104,S001,2024-04-13,16.78,10.68,2.45,3.31
W00105,S001,2024-04-14,22.84,11.54,2.07,5.86
W00106,S001,2024-04-15,7.88,10.42,2.48,0.39
W00107,S001,2024-04-16,11.62,9.73,1.59,5.99
W00108,S001,2024-04-17,16.38,1,1.95,3.55
W00109,S001,2024-04-18,12.03,7.13,1.98,10.32
W00110,S001,2024-04-19,13.92,10.03,1.82,4.43
W00111,S001,2024-04-20,12.03,7.97,1.74,0
W00112,S001,2024-04-21,13.77,13.62,1.28,0
W00113,S001,2024-04-22,18.1,5.83,2.27,2.4
W00114,S001,2024-04-23,20.8,13.13,2.99,4.89
W00115,S001,2024-04-24,18.73,9.7,1.68,4.9
W00116,S001,2024-04-25,16.09,7.19,3.46,0
W00117,S001,2024-04-26,18.26,6.3,0.86,2.64
W00118,S001,2024-04-27,16.83,9.02,2.47,0
W00119,S001,2024-04-28,20.85,5.83,2.25,0
W00120,S001,2024-04-29,11.16,9.9,3.4,0
W00121,S001,2024-04-30,8.24,7.03,2.33,0
W00122,S001,2024-05-01,22.15,10.07,2.22,5.59
W00123,S001,2024-05-02,12.93,5.9,0.27,2.9
W00124,S001,2024-05-03,11.25,12.02,3.65,3.6
W00125,S001,2024-05-04,13.62,3.87,1.39,1.26
W00126,S001,2024-05-05,9.36,6.58,2.85,0
W00127,S001,2024-05-06,15.89,10.16,2.06,0
W00128,S001,2024-05-07,13.43,6.73,4.24,1.95
W00129,S001,2024-05-08,13.4,13.21,1.94,0
W00130,S001,2024-05-09,8.86,3.5,1.51,4.68
W00131,S001,2024-05-10,17.51,4.4,3.97,1.28
W00132,S001,2024-05-11,10.8,9.58,1.61,0.88
W00133,S001,2024-05-12,6.35,9.53,2.75,6.77
W00134,S001,2024-05-13,8.03,5.46,2.04,0.38
W00135,S001,2024-05-14,15.96,9.67,2.35,3.98
W00136,S001,2024-05-15,19.05,6.22,1.74,1.84
W00137,S001,2024-05-16,18.39,5.11,2.65,3.63
W00138,S001,2024-05-17,10.16,9.39,2.3,0
W00139,S001,2024-05-18,12.67,7.3,2.23,0
W00140,S001,2024-05-19,6.32,10.7,2.29,4.44
W00141,S001,2024-05-20,24.2,10.38,2.61,5.45
W00142,S001,2024-05-21,14.34,10.73,3.19,6.57
W00143,S001,2024-05-22,12.04,12.11,0.93,4.6
W00144,S001,2024-05-23,10.73,7.43,2.97,0
W00145,S001,2024-05-24,22.2,11.55,1.63,0
W00146,S001,2024-05-25,20.35,10.56,1.01,0
W00147,S001,2024-05-26,8.83,3.34,2.91,4.22
W00148,S001,2024-05-27,28.13,15.59,0.72,0
W00149,S001,2024-05-28,24.49,10.2,1.77,2.27
W00150,S001,2024-05-29,23.57,6.16,1.84,5.68
W00151,S001,2024-05-30,21.66,6.65,2.75,11.82
W00152,S001,2024-05-31,8.96,7.93,1.77,2.67
W00153,S001,2024-06-01,13.2,4.92,2.53,0.3
W00154,S001,2024-06-02,9.55,6.35,1.27,4.7
W00155,S001,2024-06-03,10.85,4.55,2.3,1.76
W00156,S001,2024-06-04,18.3,8.48,1.01,4.43
W00157,S001,2024-06-05,17.81,3.87,2.61,3.71
W00158,S001,2024-06-06,17.23,8.56,1.36,9.63
W00159,S001,2024-06-07,4.92,10.52,2.23,0.94
W00160,S001,2024-06-08,12.73,10.75,2.48,0
W00161,S001,2024-06-09,11.84,5.81,2.33,6.08
W00162,S001,2024-06-10,16.71,7.55,3.07,0.36
W00163,S001,2024-06-11,9.9,11.64,1.37,0
W00164,S001,2024-06-12,15.89,9.89,1.66,4.47
W00165,S001,2024-06-13,23.3,9.99,1.78,1.14
W00166,S001,2024-06-14,14.43,8.28,1.17,6.31
W00167,S001,2024-06-15,19.68,9.05,2.29,0
W00168,S001,2024-06-16,9.04,5.85,1.81,0.62
W00169,S001,2024-06-17,11.22,8.82,2.84,4.6
W00170,S001,2024-06-18,20.24,9.26,2.34,3.22
W00171,S001,2024-06-19,13.5,9.63,3.18,0.16
W00172,S001,2024-06-20,12.79,11.86,2.08,7.09
W00173,S001,2024-06-21,12.6,11.49,1.36,6.8
W00174,S001,2024-06-22,15.22,4.2,1.89,3.67
W00175,S001,2024-06-23,11.55,3.23,1.39,6.1
W00176,S001,2024-06-24,33.94,7.9,3.44,2.32
W00177,S001,2024-06-25,19.51,8.83,2.16,0
W00178,S001,2024-06-26,19.98,8.87,2.48,1.75
W00179,S001,2024-06-27,9.65,12.85,1.32,3.8
W00180,S001,2024-06-28,16.46,9.55,2.37,0
W00181,S001,2024-06-29,10.71,7.33,0.55,1.63
W00182,S001,2024-06-30,12.73,10.8,1.88,3.77
W00183,S001,2024-07-01,26.96,8.03,1.94,3.48
W00184,S001,2024-07-02,16.46,8.25,1.47,3.78
W00185,S001,2024-07-03,12.91,2.4,2.43,5.51
W00186,S001,2024-07-04,17.92,6.9,2.66,2.38
W00187,S001,2024-07-05,10.15,11.8,2.89,6.66
W00188,S001,2024-07-06,20.98,5.56,2.28,5.81
W00189,S001,2024-07-07,16.31,7.3,2.78,6.28
W00190,S001,2024-07-08,9.15,8.2,0.78,10.21
W00191,S001,2024-07-09,14.57,6.99,2.63,0
W00192,S001,2024-07-10,13.26,8.32,1.51,1.11
W00193,S001,2024-07-11,20.56,12.75,2.73,7.7
W00194,S001,2024-07-12,5.4,6.11,1.8,3.44
W00195,S001,2024-07-13,7.01,7.98,1.9,4.17
W00196,S001,2024-07-14,26.43,11.47,3.14,0.67
W00197,S001,2024-07-15,16.26,12.26,3.06,5.07
W00198,S001,2024-07-16,17.71,7.7,2.01,3.86
W00199,S001,2024-07-17,13.42,4.47,1.33,2.8
W00200,S001,2024-07-18,10.51,12.36,2.67,0.94
W00201,S001,2024-07-19,11.68,2.35,2.03,4.32
W00202,S001,2024-07-20,20.12,7.06,2.16,5.75
W00203,S001,2024-07-21,4.66,8.97,0.55,2.39
W00204,S001,2024-07-22,13.6,11.84,2.15,0.34
W00205,S001,2024-07-23,16.68,7.11,2.72,2.88
W00206,S001,2024-07-24,27.33,12.01,1.11,0
W00207,S001,2024-07-25,14.4,9.2,1.35,0
W00208,S001,2024-07-26,22.11,10.02,2.09,1.62
W00209,S001,2024-07-27,17.75,5.81,2.88,3.15
W00210,S001,2024-07-28,14.22,12.1,2.62,1.03
W00211,S001,2024-07-29,13.06,10.68,3.16,9.49
W00212,S001,2024-07-30,10.89,7.43,1.71,4.79
W00213,S001,2024-07-31,21.19,7.76,2.32,5.76
W00214,S001,2024-08-01,19.62,7.88,2.74,1.17
W00215,S001,2024-08-02,21.59,10.17,1.94,5.15
W00216,S001,2024-08-03,12.89,7.92,1.8,0
W00217,S001,2024-08-04,14.64,7.92,2.44,0
W00218,S001,2024-08-05,21.23,9.58,1.75,0
W00219,S001,2024-08-06,15.96,8.64,1.36,4.99
W00220,S001,2024-08-07,15.91,8.04,0.71,1.83
W00221,S001,2024-08-08,10.4,11.08,2.2,8.53
W00222,S001,2024-08-09,23.41,9.03,1.2,7.69
W00223,S001,2024-08-10,20.82,7.86,2.36,0.74
W00224,S001,2024-08-11,17.71,10.67,1.11,0
W00225,S001,2024-08-12,13.46,9.26,1.88,5.58
W00226,S001,2024-08-13,17.78,9.63,2.11,0
W00227,S001,2024-08-14,13.0,8.36,2.3,0
W00228,S001,2024-08-15,24.87,11.28,2.23,10.16
W00229,S001,2024-08-16,15.52,10.25,0.84,2.41
W00230,S001,2024-08-17,10.07,9.45,1.69,0
W00231,S001,2024-08-18,21.53,9.44,2.44,2.96
W00232,S001,2024-08-19,11.88,11.37,1.37,4.76
W00233,S001,2024-08-20,14.5,13.58,2.21,2.71
W00234,S001,2024-08-21,14.23,11.72,2.4,0
W00235,S001,2024-08-22,13.22,6.45,2.1,1.65
W00236,S001,2024-08-23,13.47,12.9,1.08,1.09
W00237,S001,2024-08-24,8.22,6.39,1.83,0
W00238,S001,2024-08-25,13.61,12.67,1.64,0.62
W00239,S001,2024-08-26,9.24,7.15,2.68,7.22
W00240,S001,2024-08-27,24.7,5.42,0.68,5.68
W00241,S001,2024-08-28,16.0,8.5,2.42,0
W00242,S001,2024-08-29,23.92,6.15,2.2,0
W00243,S001,2024-08-30,19.2,11.06,2.37,10.47
W00244,S001,2024-08-31,12.2,8.83,1.68,0.04
W00245,S001,2024-09-01,19.45,15.33,0.4,5.43
W00246,S001,2024-09-02,8.09,10.28,2.33,4.99
W00247,S001,2024-09-03,16.14,9.67,0.4,0
W00248,S001,2024-09-04,16.66,10.06,1.49,2.56
W00249,S001,2024-09-05,19.51,10.32,1.39,3.31
W00250,S001,2024-09-06,14.43,6.11,2.93,0.6
W00251,S001,2024-09-07,12.4,10.6,2.55,2.79
W00252,S001,2024-09-08,12.0,5.44,2.11,5.21
W00253,S001,2024-09-09,16.65,7.71,3.55,7.14
W00254,S001,2024-09-10,26.19,10.15,3.14,4.58
W00255,S001,2024-09-11,18.23,6.49,0.64,2.94
W00256,S001,2024-09-12,25.83,6.71,3.0,0.18
W00257,S001,2024-09-13,13.66,6.46,1.93,0
W00258,S001,2024-09-14,18.56,8.08,1.55,5.79
W00259,S001,2024-09-15,21.56,4.84,3.15,0
W00260,S001,2024-09-16,22.27,6.92,2.0,0.59
W00261,S001,2024-09-17,19.28,7.24,2.15,10.14
W00262,S001,2024-09-18,18.43,6.34,2.31,6.57
W00263,S001,2024-09-19,7.29,6.99,1.58,0
W00264,S001,2024-09-20,15.52,10.28,3.18,4.69
W00265,S001,2024-09-21,14.87,1.87,3.78,0
W00266,S001,2024-09-22,23.97,9.72,1.91,1.95
W00267,S001,2024-09-23,12.41,8.68,2.3,0
W00268,S001,2024-09-24,11.4,11.16,2.17,0
W00269,S001,2024-09-25,9.59,5.29,2.61,0
W00270,S001,2024-09-26,8.89,7.07,2.86,3.94
W00271,S001,2024-09-27,26.26,5.3,0.34,3.9
W00272,S001,2024-09-28,15.7,10.55,2.89,1.94
W00273,S001,2024-09-29,12.41,11.72,2.53,5.58
W00274,S001,2024-09-30,7.99,8.94,1.86,1.99
W00275,S001,2024-10-01,15.14,9.23,1.05,6.9
W00276,S001,2024-10-02,16.03,6.41,2.07,0
W00277,S001,2024-10-03,12.13,7.13,1.16,0
W00278,S001,2024-10-04,17.23,11.86,2.35,0
W00279,S001,2024-10-05,26.0,5.22,3.12,0.32
W00280,S001,2024-10-06,16.2,7.44,0.91,0
W00281,S001,2024-10-07,26.84,5.67,2.1,0
W00282,S001,2024-10-08,14.28,11.34,1.92,12.62
W00283,S001,2024-10-09,13.73,5.83,2.32,2.78
W00284,S001,2024-10-10,9.32,6.58,3.92,4.49
W00285,S001,2024-10-11,11.54,8.42,1.33,4.31
W00286,S001,2024-10-12,14.71,10.93,1.7,7.87
W00287,S001,2024-10-13,10.55,9.69,1.86,3.38
W00288,S001,2024-10-14,16.1,2.44,0.59,0
W00289,S001,2024-10-15,20.87,11.85,2.38,0
W00290,S001,2024-10-16,9.42,10.61,2.84,0
W00291,S001,2024-10-17,24.35,7.07,0.92,5.2
W00292,S001,2024-10-18,18.44,9.38,1.99,2.36
W00293,S001,2024-10-19,9.49,12.16,2.01,1.84
W00294,S001,2024-10-20,15.7,5.75,3.64,9.75
W00295,S001,2024-10-21,19.89,7.34,1.93,0
W00296,S001,2024-10-22,13.64,9.35,2.13,3.69
W00297,S001,2024-10-23,19.87,14.78,3.15,0.55
W00298,S001,2024-10-24,17.28,9.5,2.38,0
W00299,S001,2024-10-25,15.45,5.5,1.2,1.7
W00300,S001,2024-10-26,22.43,9.16,3.69,6.3
W00301,S001,2024-10-27,20.12,13.47,3.41,0
W00302,S001,2024-10-28,15.59,12.98,2.04,6.33
W00303,S001,2024-10-29,10.21,7.7,2.1,9.08
W00304,S001,2024-10-30,16.05,8.0,0.91,7.93
W00305,S001,2024-10-31,21.98,7.44,2.55,1.39
W00306,S001,2024-11-01,0.2,3.17,2.0,2.58
W00307,S001,2024-11-02,10.85,7.33,2.99,11.6
W00308,S001,2024-11-03,8.93,5.83,3.1,1.53
W00309,S001,2024-11-04,5.1,8.33,1.56,0
W00310,S001,2024-11-05,12.62,7.2,2.21,2.37
W00311,S001,2024-11-06,10.4,3.81,2.81,3.77
W00312,S001,2024-11-07,-1.37,7.09,1.19,12.33
W00313,S001,2024-11-08,8.19,8.98,2.74,4.95
W00314,S001,2024-11-09,2.23,8.83,1.68,4.88
W00315,S001,2024-11-10,14.61,5.84,1.91,1.86
W00316,S001,2024-11-11,8.98,6.81,3.34,1.97
W00317,S001,2024-11-12,5.52,12.14,2.47,0
W00318,S001,2024-11-13,-2.86,4.95,1.05,4.48
W00319,S001,2024-11-14,9.86,7.3,1.01,3.68
W00320,S001,2024-11-15,6.25,8.1,1.93,10.13
W00321,S001,2024-11-16,11.12,7.17,1.92,4.74
W00322,S001,2024-11-17,10.51,7.7,3.46,0
W00323,S001,2024-11-18,-1.41,11.03,2.65,0
W00324,S001,2024-11-19,6.81,8.65,2.09,4.73
W00325,S001,2024-11-20,-2.42,7.84,3.21,0
W00326,S001,2024-11-21,7.31,10.2,2.35,4.79
W00327,S001,2024-11-22,-5.34,6.9,1.49,6.02
W00328,S001,2024-11-23,3.76,5.3,2.25,13.98
W00329,S001,2024-11-24,6.16,14.18,2.55,2.6
W00330,S001,2024-11-25,-4.32,11.83,1.12,6.4
W00331,S001,2024-11-26,12.73,9.47,1.83,3.76
W00332,S001,2024-11-27,10.57,8.5,0.98,2.28
W00333,S001,2024-11-28,13.21,7.35,3.25,0
W00334,S001,2024-11-29,5.31,7.72,1.36,1.33
W00335,S001,2024-11-30,1.95,9.33,3.78,0.16
W00336,S001,2024-12-01,0.88,9.71,3.31,1.05
W00337,S001,2024-12-02,-8.0,11.08,3.27,4.19
W00338,S001,2024-12-03,7.2,7.28,0.87,1.37
W00339,S001,2024-12-04,10.21,8.61,2.72,2.05
W00340,S001,2024-12-05,10.45,8.47,2.51,5.24
W00341,S001,2024-12-06,14.89,9.63,2.34,1.57
W00342,S001,2024-12-07,3.57,11.62,1.01,3.46
W00343,S001,2024-12-08,0.36,12.19,1.9,0.27
W00344,S001,2024-12-09,9.21,10.18,2.87,0.64
W00345,S001,2024-12-10,10.95,9.64,1.33,0.04
W00346,S001,2024-12-11,7.96,10.96,3.57,3.28
W00347,S001,2024-12-12,0.53,10.45,2.66,9.57
W00348,S001,2024-12-13,-0.94,4.81,2.1,0.53
W00349,S001,2024-12-14,12.6,10.39,3.23,6.41
W00350,S001,2024-12-15,9.77,9.22,3.58,0.44
W00351,S001,2024-12-16,8.39,5.76,1.58,1.03
W00352,S001,2024-12-17,13.2,7.27,3.67,4.9
W00353,S001,2024-12-18,4.82,8.15,1.56,5.55
W00354,S001,2024-12-19,6.99,9.52,1.85,4.27
W00355,S001,2024-12-20,2.77,11.76,1.96,15.62
W00356,S001,2024-12-21,12.51,8.92,2.15,0
W00357,S001,2024-12-22,5.72,12.33,2.18,1.28
W00358,S001,2024-12-23,-4.27,9.73,1.29,3.71
W00359,S001,2024-12-24,7.68,11.0,2.75,0
W00360,S001,2024-12-25,8.98,5.16,2.03,3.65
W00361,S001,2024-12-26,5.03,12.89,2.58,3.56
W00362,S001,2024-12-27,6.16,5.71,2.75,8.0
W00363,S001,2024-12-28,1.87,6.51,2.12,0
W00364,S001,2024-12-29,7.77,9.44,2.68,2.08
W00365,S001,2024-12-30,3.89,8.82,1.37,6.35
W00366,S001,2024-12-31,6.3,11.65,2.14,0
W00367,S002,2024-01-01,4.19,7.76,1.4,1.67
W00368,S002,2024-01-02,-3.55,4.16,0.18,0.84
W00369,S002,2024-01-03,5.11,8.38,2.56,2.07
W00370,S002,2024-01-04,8.94,3.32,1.79,0
W00371,S002,2024-01-05,8.06,2.77,3.24,0
W00372,S002,2024-01-06,3.93,7.55,2.56,0.22
W00373,S002,2024-01-07,-4.18,2.06,1.24,2.21
W00374,S002,2024-01-08,3.35,5.4,2.6,4.49
W00375,S002,2024-01-09,7.7,5.39,2.84,0.43
W00376,S002,2024-01-10,8.95,7.65,2.4,3.9
W00377,S002,2024-01-11,7.79,5.31,1.19,10.45
W00378,S002,2024-01-12,12.35,6.85,2.58,8.03
W00379,S002,2024-01-13,11.87,7.18,1.29,0
W00380,S002,2024-01-14,10.95,5.31,1.11,6.79
W00381,S002,2024-01-15,6.56,4.15,2.27,0
W00382,S002,2024-01-16,12.01,3.36,2.59,0.53
W00383,S002,2024-01-17,-4.07,4.88,0.94,1.75
W00384,S002,2024-01-18,7.45,1.52,3.22,6.56
W00385,S002,2024-01-19,11.36,7.07,3.59,3.34
W00386,S002,2024-01-20,2.17,7.07,1.82,1.71
W00387,S002,2024-01-21,4.55,7.14,3.3,0.85
W00388,S002,2024-01-22,13.08,1,1.73,0.91
W00389,S002,2024-01-23,6.04,9.38,2.65,10.21
W00390,S002,2024-01-24,3.97,3.46,3.26,0
W00391,S002,2024-01-25,2.15,3.85,3.66,1.89
W00392,S002,2024-01-26,5.92,6.53,3.21,2.7
W00393,S002,2024-01-27,10.07,6.43,1.64,7.14
W00394,S002,2024-01-28,4.02,6.62,0.41,3.46
W00395,S002,2024-01-29,3.75,3.85,1.95,0
W00396,S002,2024-01-30,9.74,4.34,1.78,2.04
W00397,S002,2024-01-31,10.3,5.13,1.27,4.43
W00398,S002,2024-02-01,13.62,9.23,2.36,0
W00399,S002,2024-02-02,-0.04,4.76,2.31,4.61
W00400,S002,2024-02-03,7.27,5.04,3.0,4.12
W00401,S002,2024-02-04,3.15,6.81,1.88,4.06
W00402,S002,2024-02-05,2.29,3.69,0.49,5.94
W00403,S002,2024-02-06,17.65,4.44,1.71,0
W00404,S002,2024-02-07,1.41,4.97,2.28,3.23
W00405,S002,2024-02-08,5.29,3.49,1.71,3.83
W00406,S002,2024-02-09,-8.15,5.9,2.53,4.07
W00407,S002,2024-02-10,6.71,6.16,2.12,3.43
W00408,S002,2024-02-11,8.7,3.86,2.53,1.41
W00409,S002,2024-02-12,5.69,4.01,1.73,6.24
W00410,S002,2024-02-13,4.45,5.08,2.3,0
W00411,S002,2024-02-14,8.74,5.07,1.85,0
W00412,S002,2024-02-15,10.38,4.47,2.43,10.28
W00413,S002,2024-02-16,5.86,5.35,1.37,0
W00414,S002,2024-02-17,-0.35,6.2,2.79,2.41
W00415,S002,2024-02-18,13.07,2.42,3.04,0.71
W00416,S002,2024-02-19,7.07,3.13,2.1,0
W00417,S002,2024-02-20,12.91,7.0,2.73,0
W00418,S002,2024-02-21,11.12,5.15,1.16,0
W00419,S002,2024-02-22,6.27,7.93,0.65,8.96
W00420,S002,2024-02-23,8.94,4.25,2.11,2.44
W00421,S002,2024-02-24,5.14,3.61,1.65,0
W00422,S002,2024-02-25,11.55,5.73,1.27,0.45
W00423,S002,2024-02-26,4.03,4.76,2.24,0.01
W00424,S002,2024-02-27,1.81,6.5,2.25,9.3
W00425,S002,2024-02-28,6.59,1.32,0.45,4.01
W00426,S002,2024-02-29,16.91,4.03,3.31,1.83
W00427,S002,2024-03-01,19.66,8.74,3.46,5.13
W00428,S002,2024-03-02,10.28,6.28,4.43,0
W00429,S002,2024-03-03,20.88,3.17,4.92,0
W00430,S002,2024-03-04,15.22,2.37,4.91,0.74
W00431,S002,2024-03-05,14.87,7.19,3.06,7.99
W00432,S002,2024-03-06,11.99,6.29,4.92,5.31
W00433,S002,2024-03-07,13.58,7.04,2.44,4.7
W00434,S002,2024-03-08,17.81,5.78,3.04,5.44
W00435,S002,2024-03-09,11.07,5.75,4.9,3.71
W00436,S002,2024-03-10,20.61,4.95,2.79,0
W00437,S002,2024-03-11,18.48,3.92,3.32,2.95
W00438,S002,2024-03-12,10.74,1.87,4.48,1.1
W00439,S002,2024-03-13,21.37,4.92,3.14,5.88
W00440,S002,2024-03-14,16.48,5.53,3.08,0.05
W00441,S002,2024-03-15,19.92,4.65,3.0,0
W00442,S002,2024-03-16,12.83,2.97,2.54,4.82
W00443,S002,2024-03-17,16.61,5.06,4.08,5.12
W00444,S002,2024-03-18,13.77,4.67,3.91,0
W00445,S002,2024-03-19,16.42,6.65,4.88,0
W00446,S002,2024-03-20,14.84,4.88,4.15,5.46
W00447,S002,2024-03-21,12.99,5.26,2.93,0
W00448,S002,2024-03-22,25.82,1,3.87,3.03
W00449,S002,2024-03-23,7.59,4.79,5.16,4.11
W00450,S002,2024-03-24,21.88,5.52,3.58,3.94
W00451,S002,2024-03-25,15.31,3.82,2.07,10.7
W00452,S002,2024-03-26,16.82,6.8,2.82,0.23
W00453,S002,2024-03-27,11.24,5.24,3.71,0
W00454,S002,2024-03-28,13.36,5.74,1.05,0.02
W00455,S002,2024-03-29,19.71,4.41,3.21,0
W00456,S002,2024-03-30,9.07,5.94,4.88,6.14
W00457,S002,2024-03-31,26.69,3.37,4.17,2.84
W00458,S002,2024-04-01,15.53,2.85,2.5,2.11
W00459,S002,2024-04-02,12.16,2.72,4.36,1.84
W00460,S002,2024-04-03,19.31,5.95,1.36,3.31
W00461,S002,2024-04-04,8.64,4.56,3.15,3.1
W00462,S002,2024-04-05,13.02,4.52,3.64,0
W00463,S002,2024-04-06,12.2,3.87,2.89,3.4
W00464,S002,2024-04-07,17.36,6.03,4.3,5.59
W00465,S002,2024-04-08,17.53,4.63,3.19,2.79
W00466,S002,2024-04-09,12.06,2.82,3.56,0
W00467,S002,2024-04-10,14.48,5.42,3.67,2.75
W00468,S002,2024-04-11,18.5,6.05,3.81,3.31
W00469,S002,2024-04-12,16.36,6.43,4.1,7.11
W00470,S002,2024-04-13,13.55,7.04,4.07,0
W00471,S002,2024-04-14,14.29,5.71,2.68,0
W00472,S002,2024-04-15,15.53,4.08,3.45,5.72
W00473,S002,2024-04-16,20.16,2.55,3.04,3.25
W00474,S002,2024-04-17,15.76,5.9,2.23,0
W00475,S002,2024-04-18,21.69,4.9,2.32,0
W00476,S002,2024-04-19,17.1,3.12,3.22,6.31
W00477,S002,2024-04-20,17.87,4.07,3.51,0.59
W00478,S002,2024-04-21,17.27,5.23,3.33,0
W00479,S002,2024-04-22,11.37,3.34,3.82,6.2
W00480,S002,2024-04-23,4.58,5.77,3.32,0
W00481,S002,2024-04-24,24.58,5.53,4.93,0
W00482,S002,2024-04-25,12.1,9.48,3.07,0
W00483,S002,2024-04-26,14.1,4.22,2.69,9.73
W00484,S002,2024-04-27,15.55,3.89,4.68,2.44
W00485,S002,2024-04-28,21.88,7.03,3.64,5.85
W00486,S002,2024-04-29,16.79,5.53,4.08,6.81
W00487,S002,2024-04-30,15.15,6.0,3.92,0
W00488,S002,2024-05-01,16.69,8.3,4.1,7.52
W00489,S002,2024-05-02,24.58,2.29,5.38,2.1
W00490,S002,2024-05-03,12.71,4.83,5.06,4.02
W00491,S002,2024-05-04,11.42,4.78,2.55,9.43
W00492,S002,2024-05-05,19.58,5.19,4.28,0
W00493,S002,2024-05-06,17.62,5.37,5.35,0.31
W00494,S002,2024-05-07,12.45,3.3,5.2,4.7
W00495,S002,2024-05-08,16.16,4.32,5.28,2.94
W00496,S002,2024-05-09,24.14,8.12,5.8,4.96
W00497,S002,2024-05-10,20.07,7.32,4.02,0
W00498,S002,2024-05-11,17.71,3.19,6.68,0
W00499,S002,2024-05-12,18.1,6.68,5.65,5.47
W00500,S002,2024-05-13,10.74,4.74,6.49,8.89
W00501,S002,2024-05-14,16.42,7.34,4.88,4.95
W00502,S002,2024-05-15,12.79,6.45,5.14,6.54
W00503,S002,2024-05-16,11.47,6.64,4.82,2.48
W00504,S002,2024-05-17,10.41,5.65,4.73,0
W00505,S002,2024-05-18,22.08,2.0,5.75,0
W00506,S002,2024-05-19,16.69,6.76,4.97,3.81
W00507,S002,2024-05-20,22.77,6.47,4.6,2.14
W00508,S002,2024-05-21,17.58,4.2,4.24,0
W00509,S002,2024-05-22,21.55,3.59,4.95,4.77
W00510,S002,2024-05-23,15.56,5.71,5.33,2.9
W00511,S002,2024-05-24,16.84,4.16,5.1,4.47
W00512,S002,2024-05-25,10.61,5.02,5.59,1.01
W00513,S002,2024-05-26,12.08,7.16,4.91,0.9
W00514,S002,2024-05-27,11.37,7.04,4.83,6.73
W00515,S002,2024-05-28,10.93,2.51,4.08,0
W00516,S002,2024-05-29,23.97,4.91,6.03,5.67
W00517,S002,2024-05-30,18.74,5.12,5.67,0
W00518,S002,2024-05-31,12.33,2.21,4.43,0
W00519,S002,2024-06-01,22.21,6.65,5.15,4.97
W00520,S002,2024-06-02,16.31,4.77,4.73,3.67
W00521,S002,2024-06-03,14.27,6.94,5.42,1.02
W00522,S002,2024-06-04,21.0,5.36,6.24,1.23
W00523,S002,2024-06-05,11.54,4.52,3.78,0
W00524,S002,2024-06-06,5.61,4.2,4.23,5.83
W00525,S002,2024-06-07,16.66,6.25,2.27,4.76
W00526,S002,2024-06-08,11.78,3.1,4.76,4.35
W00527,S002,2024-06-09,17.06,6.63,3.9,0
W00528,S002,2024-06-10,20.95,2.91,4.77,0
W00529,S002,2024-06-11,19.79,5.34,4.53,0
W00530,S002,2024-06-12,17.94,4.71,5.28,0.31
W00531,S002,2024-06-13,14.51,1.56,4.94,4.47
W00532,S002,2024-06-14,15.45,6.17,4.86,3.57
W00533,S002,2024-06-15,19.16,6.11,4.53,0
W00534,S002,2024-06-16,21.52,1.98,5.53,0
W00535,S002,2024-06-17,19.91,4.28,3.97,6.86
W00536,S002,2024-06-18,14.53,3.7,3.76,2.85
W00537,S002,2024-06-19,14.38,4.42,5.52,2.64
W00538,S002,2024-06-20,14.52,5.19,5.27,5.05
W00539,S002,2024-06-21,17.14,3.64,4.93,4.33
W00540,S002,2024-06-22,16.16,9.79,4.75,1.54
W00541,S002,2024-06-23,20.54,4.95,4.4,0
W00542,S002,2024-06-24,10.03,5.88,3.21,12.12
W00543,S002,2024-06-25,11.24,4.42,4.77,1.81
W00544,S002,2024-06-26,18.34,6.12,4.99,6.84
W00545,S002,2024-06-27,17.62,5.52,4.44,7.27
W00546,S002,2024-06-28,10.13,2.56,3.63,8.46
W00547,S002,2024-06-29,13.47,4.28,5.38,10.44
W00548,S002,2024-06-30,19.18,3.45,3.65,4.08
W00549,S002,2024-07-01,13.12,2.19,3.97,0.03
W00550,S002,2024-07-02,17.12,6.39,4.61,0
W00551,S002,2024-07-03,6.12,4.93,4.0,0
W00552,S002,2024-07-04,19.13,5.65,4.66,1.31
W00553,S002,2024-07-05,9.88,6.51,2.84,3.54
W00554,S002,2024-07-06,3.54,8.32,4.85,1.92
W00555,S002,2024-07-07,17.99,5.52,6.67,3.68
W00556,S002,2024-07-08,11.35,4.84,5.81,4.86
W00557,S002,2024-07-09,4.7,5.05,4.78,7.54
W00558,S002,2024-07-10,14.32,5.84,3.77,0
W00559,S002,2024-07-11,19.41,4.27,6.75,5.79
W00560,S002,2024-07-12,17.04,5.07,5.67,7.88
W00561,S002,2024-07-13,20.39,4.85,3.56,1.24
W00562,S002,2024-07-14,10.86,7.03,6.3,6.43
W00563,S002,2024-07-15,23.21,5.86,4.56,6.38
W00564,S002,2024-07-16,7.47,6.84,4.63,8.66
W00565,S002,2024-07-17,13.94,6.29,4.9,1.12
W00566,S002,2024-07-18,19.45,5.83,4.36,2.38
W00567,S002,2024-07-19,13.71,2.83,6.4,0
W00568,S002,2024-07-20,17.98,6.13,5.63,1.52
W00569,S002,2024-07-21,17.53,2.46,3.96,4.51
W00570,S002,2024-07-22,18.29,9.0,4.9,1.55
W00571,S002,2024-07-23,14.75,1.97,3.4,0
W00572,S002,2024-07-24,11.53,2.31,5.52,8.58
W00573,S002,2024-07-25,19.14,5.15,4.62,11.72
W00574,S002,2024-07-26,17.39,2.69,5.43,7.79
W00575,S002,2024-07-27,13.58,9.54,6.09,0
W00576,S002,2024-07-28,20.77,2.53,5.41,5.21
W00577,S002,2024-07-29,12.91,4.05,4.69,6.32
W00578,S002,2024-07-30,12.08,4.82,6.01,0
W00579,S002,2024-07-31,15.46,3.9,4.03,9.72
W00580,S002,2024-08-01,9.96,1.72,4.13,0
W00581,S002,2024-08-02,16.71,4.12,5.12,1.34
W00582,S002,2024-08-03,9.13,6.35,3.46,0
W00583,S002,2024-08-04,13.09,3.95,6.06,0
W00584,S002,2024-08-05,11.96,4.37,4.81,7.92
W00585,S002,2024-08-06,15.93,3.82,5.85,0
W00586,S002,2024-08-07,17.24,1.92,5.96,0
W00587,S002,2024-08-08,13.79,5.35,4.1,0
W00588,S002,2024-08-09,24.17,3.33,3.68,2.1
W00589,S002,2024-08-10,14.19,5.87,5.18,3.21
W00590,S002,2024-08-11,13.91,4.3,5.0,7.86
W00591,S002,2024-08-12,15.72,3.19,5.61,3.67
W00592,S002,2024-08-13,7.55,7.07,5.5,0
W00593,S002,2024-08-14,10.85,9.9,6.08,8.31
W00594,S002,2024-08-15,19.89,3.67,5.07,0
W00595,S002,2024-08-16,13.38,2.94,6.01,1.98
W00596,S002,2024-08-17,12.07,5.08,6.26,3.89
W00597,S002,2024-08-18,20.27,8.7,5.48,9.66
W00598,S002,2024-08-19,17.27,5.7,5.66,5.72
W00599,S002,2024-08-20,19.95,5.86,3.65,1.69
W00600,S002,2024-08-21,15.17,5.18,3.19,12.31
W00601,S002,2024-08-22,19.04,4.35,4.67,0
W00602,S002,2024-08-23,12.93,4.94,4.76,11.16
W00603,S002,2024-08-24,6.86,3.29,3.11,8.69
W00604,S002,2024-08-25,18.28,4.17,5.73,9.19
W00605,S002,2024-08-26,22.73,3.78,5.52,5.4
W00606,S002,2024-08-27,15.85,4.45,3.43,2.18
W00607,S002,2024-08-28,25.68,5.26,5.64,6.89
W00608,S002,2024-08-29,23.17,3.42,6.23,0
W00609,S002,2024-08-30,16.02,4.87,4.42,6.1
W00610,S002,2024-08-31,13.94,4.91,4.38,3.41
W00611,S002,2024-09-01,14.89,5.66,3.65,1.59
W00612,S002,2024-09-02,22.36,9.64,3.0,3.86
W00613,S002,2024-09-03,17.67,4.49,4.78,1.56
W00614,S002,2024-09-04,12.44,5.54,2.46,0
W00615,S002,2024-09-05,13.62,3.86,2.01,1.12
W00616,S002,2024-09-06,17.1,7.43,4.31,1.05
W00617,S002,2024-09-07,12.07,8.66,3.78,2.81
W00618,S002,2024-09-08,10.27,5.5,4.51,5.93
W00619,S002,2024-09-09,15.26,3.67,4.58,9.58
W00620,S002,2024-09-10,14.34,4.96,3.94,12.84
W00621,S002,2024-09-11,23.0,3.04,4.01,1.64
W00622,S002,2024-09-12,22.9,2.75,4.14,7.06
W00623,S002,2024-09-13,19.76,5.44,1.44,1.54
W00624,S002,2024-09-14,21.88,5.95,4.04,0.04
W00625,S002,2024-09-15,16.72,4.74,3.69,0
W00626,S002,2024-09-16,18.83,7.18,3.59,0
W00627,S002,2024-09-17,9.68,6.47,3.83,1.04
W00628,S002,2024-09-18,17.54,6.53,2.87,8.5
W00629,S002,2024-09-19,18.75,5.08,2.31,0
W00630,S002,2024-09-20,21.99,6.78,3.25,0
W00631,S002,2024-09-21,26.95,2.95,2.65,0
W00632,S002,2024-09-22,18.63,3.75,1.87,3.21
W00633,S002,2024-09-23,18.32,4.75,3.28,5.72
W00634,S002,2024-09-24,16.59,3.8,3.23,0.98
W00635,S002,2024-09-25,12.86,4.8,1.74,5.72
W00636,S002,2024-09-26,13.35,2.3,2.19,2.72
W00637,S002,2024-09-27,19.48,6.3,2.91,0
W00638,S002,2024-09-28,17.7,2.25,2.64,11.58
W00639,S002,2024-09-29,15.31,1.85,4.5,12.63
W00640,S002,2024-09-30,13.94,2.83,2.85,0
W00641,S002,2024-10-01,19.0,4.44,2.54,9.6
W00642,S002,2024-10-02,23.3,5.98,3.47,0
W00643,S002,2024-10-03,16.24,5.98,3.83,10.15
W00644,S002,2024-10-04,10.13,3.32,2.69,2.1
W00645,S002,2024-10-05,21.98,5.46,4.21,3.04
W00646,S002,2024-10-06,9.82,7.41,3.68,4.5
W00647,S002,2024-10-07,11.49,5.89,4.98,5.07
W00648,S002,2024-10-08,19.28,5.0,3.77,0.51
W00649,S002,2024-10-09,17.18,5.56,3.72,0
W00650,S002,2024-10-10,15.24,1.94,2.2,0
W00651,S002,2024-10-11,4.07,6.21,2.92,4.09
W00652,S002,2024-10-12,14.14,3.66,3.75,3.48
W00653,S002,2024-10-13,16.53,2.8,3.72,0
W00654,S002,2024-10-14,17.48,1.64,3.54,15.34
W00655,S002,2024-10-15,17.96,7.62,4.62,4.0
W00656,S002,2024-10-16,11.86,8.22,2.87,0
W00657,S002,2024-10-17,19.86,3.71,2.63,0.29
W00658,S002,2024-10-18,5.82,3.25,4.62,0.75
W00659,S002,2024-10-19,13.05,2.8,2.57,0
W00660,S002,2024-10-20,20.85,2.62,2.79,7.57
W00661,S002,2024-10-21,8.6,5.32,3.83,4.79
W00662,S002,2024-10-22,16.08,5.97,3.29,3.62
W00663,S002,2024-10-23,13.83,4.27,4.72,1.91
W00664,S002,2024-10-24,13.0,7.76,2.74,0
W00665,S002,2024-10-25,23.84,2.56,4.69,4.33
W00666,S002,2024-10-26,15.2,5.67,4.24,1.11
W00667,S002,2024-10-27,21.51,5.33,1.75,1.64
W00668,S002,2024-10-28,3.62,1,3.1,1.52
W00669,S002,2024-10-29,14.73,5.65,3.79,0
W00670,S002,2024-10-30,18.88,5.31,3.51,4.49
W00671,S002,2024-10-31,15.71,6.22,3.18,2.9
W00672,S002,2024-11-01,10.31,4.54,2.36,3.16
W00673,S002,2024-11-02,4.16,4.79,0.89,3.32
W00674,S002,2024-11-03,4.76,5.15,2.01,0
W00675,S002,2024-11-04,12.15,3.48,1.6,4.26
W00676,S002,2024-11-05,19.78,4.8,2.36,6.09
W00677,S002,2024-11-06,7.33,3.59,0.84,0
W00678,S002,2024-11-07,5.87,3.56,1.96,1.94
W00679,S002,2024-11-08,6.44,7.5,2.43,0
W00680,S002,2024-11-09,8.66,1.84,2.26,5.32
W00681,S002,2024-11-10,8.25,7.56,2.55,6.26
W00682,S002,2024-11-11,0.8,3.25,0.78,2.75
W00683,S002,2024-11-12,2.02,1.58,1.0,11.53
W00684,S002,2024-11-13,14.95,2.1,1.73,1.76
W00685,S002,2024-11-14,11.17,1.86,1.48,0
W00686,S002,2024-11-15,8.2,3.7,2.0,4.82
W00687,S002,2024-11-16,7.31,3.39,3.7,0.93
W00688,S002,2024-11-17,7.74,4.84,2.34,6.13
W00689,S002,2024-11-18,8.82,6.99,3.87,0
W00690,S002,2024-11-19,5.59,5.34,3.61,0
W00691,S002,2024-11-20,14.85,5.33,2.77,1.06
W00692,S002,2024-11-21,7.02,4.57,1.03,0.19
W00693,S002,2024-11-22,12.43,5.04,3.38,4.2
W00694,S002,2024-11-23,2.36,4.35,1.7,0.58
W00695,S002,2024-11-24,6.98,5.84,2.01,0
W00696,S002,2024-11-25,6.13,4.61,3.36,6.07
W00697,S002,2024-11-26,9.45,5.39,1.87,4.19
W00698,S002,2024-11-27,6.21,8.58,3.52,0
W00699,S002,2024-11-28,10.63,4.27,1.86,0.93
W00700,S002,2024-11-29,0.46,8.85,1.13,2.91
W00701,S002,2024-11-30,1.95,5.63,2.21,0
W00702,S002,2024-12-01,-1.32,7.46,1.32,5.4
W00703,S002,2024-12-02,7.05,3.92,3.43,1.08
W00704,S002,2024-12-03,7.73,5.72,3.4,0
W00705,S002,2024-12-04,2.32,6.64,1.3,1.7
W00706,S002,2024-12-05,0.19,6.87,1.81,1.49
W00707,S002,2024-12-06,4.7,4.31,3.11,0
W00708,S002,2024-12-07,6.86,4.4,1.44,0.08
W00709,S002,2024-12-08,10.28,5.57,0.79,2.89
W00710,S002,2024-12-09,3.47,3.72,1.84,3.52
W00711,S002,2024-12-10,2.59,5.4,1.41,4.98
W00712,S002,2024-12-11,4.65,5.72,1.53,2.28
W00713,S002,2024-12-12,-0.4,7.32,0.1,0.22
W00714,S002,2024-12-13,21.02,4.52,0.72,0
W00715,S002,2024-12-14,2.65,7.06,1.05,0
W00716,S002,2024-12-15,5.04,8.3,2.37,0
W00717,S002,2024-12-16,9.24,6.22,1.5,1.31
W00718,S002,2024-12-17,12.93,5.84,1.21,3.52
W00719,S002,2024-12-18,16.38,4.91,2.22,0
W00720,S002,2024-12-19,5.51,4.13,4.12,4.21
W00721,S002,2024-12-20,12.31,7.34,2.63,4.05
W00722,S002,2024-12-21,2.21,5.06,2.72,0.37
W00723,S002,2024-12-22,4.23,6.42,3.68,7.1
W00724,S002,2024-12-23,6.1,3.23,2.35,0
W00725,S002,2024-12-24,15.16,4.01,3.33,0
W00726,S002,2024-12-25,2.96,7.24,2.17,1.57
W00727,S002,2024-12-26,-4.33,4.78,1.82,5.18
W00728,S002,2024-12-27,1.9,2.16,2.86,0.04
W00729,S002,2024-12-28,15.14,6.07,0.84,1.36
W00730,S002,2024-12-29,14.97,4.97,1.73,0
W00731,S002,2024-12-30,4.84,2.4,1.12,0
W00732,S002,2024-12-31,2.76,3.19,2.63,8.3
W00733,S003,2024-01-01,8.73,11.19,2.4,7.27
W00734,S003,2024-01-02,12.77,6.9,3.2,0
W00735,S003,2024-01-03,3.83,8.63,3.76,4.35
W00736,S003,2024-01-04,8.03,8.63,2.0,12.95
W00737,S003,2024-01-05,1.9,10.14,1.65,3.36
W00738,S003,2024-01-06,10.98,7.16,2.95,0
W00739,S003,2024-01-07,6.02,9.39,2.23,6.0
W00740,S003,2024-01-08,10.77,7.18,2.52,3.75
W00741,S003,2024-01-09,15.23,8.31,2.28,2.02
W00742,S003,2024-01-10,5.19,9.29,1.22,1.49
W00743,S003,2024-01-11,8.49,8.47,1.56,0.7
W00744,S003,2024-01-12,11.68,7.4,1.61,1.28
W00745,S003,2024-01-13,14.03,8.17,3.22,9.07
W00746,S003,2024-01-14,6.94,10.2,2.79,0
W00747,S003,2024-01-15,11.57,9.93,2.54,0
W00748,S003,2024-01-16,16.61,5.61,2.82,3.52
W00749,S003,2024-01-17,9.25,7.6,3.61,6.3
W00750,S003,2024-01-18,10.21,11.13,2.69,0
W00751,S003,2024-01-19,14.89,7.91,2.54,3.48
W00752,S003,2024-01-20,10.92,10.79,2.71,0
W00753,S003,2024-01-21,8.05,11.1,1.53,0
W00754,S003,2024-01-22,14.18,10.11,1.72,10.12
W00755,S003,2024-01-23,15.12,8.77,2.35,0
W00756,S003,2024-01-24,-1.0,9.73,2.57,7.07
W00757,S003,2024-01-25,7.46,6.84,2.03,6.44
W00758,S003,2024-01-26,10.35,8.94,3.73,8.0
W00759,S003,2024-01-27,1.88,7.81,0.82,0.8
W00760,S003,2024-01-28,6.63,11.53,2.23,3.17
W00761,S003,2024-01-29,4.36,3.95,3.76,6.93
W00762,S003,2024-01-30,7.02,3.55,2.3,0
W00763,S003,2024-01-31,5.01,3.09,2.04,5.11
W00764,S003,2024-02-01,10.54,7.07,1.13,6.97
W00765,S003,2024-02-02,4.1,8.89,1.81,0
W00766,S003,2024-02-03,-0.41,8.48,2.69,7.22
W00767,S003,2024-02-04,2.69,9.14,1.96,3.65
W00768,S003,2024-02-05,5.9,8.82,3.21,0
W00769,S003,2024-02-06,5.32,7.59,2.83,2.78
W00770,S003,2024-02-07,14.43,6.95,2.72,6.86
W00771,S003,2024-02-08,-2.11,10.43,1.51,2.39
W00772,S003,2024-02-09,-2.74,8.72,2.54,0
W00773,S003,2024-02-10,1.38,8.31,3.04,4.81
W00774,S003,2024-02-11,-6.43,8.24,2.44,4.39
W00775,S003,2024-02-12,1.42,5.41,1.71,0
W00776,S003,2024-02-13,7.36,12.04,2.09,6.48
W00777,S003,2024-02-14,12.59,10.1,1.49,0.7
W00778,S003,2024-02-15,16.4,9.55,2.08,0
W00779,S003,2024-02-16,2.66,8.96,1.18,0
W00780,S003,2024-02-17,4.42,6.75,2.73,2.37
W00781,S003,2024-02-18,1.6,6.62,2.24,5.56
W00782,S003,2024-02-19,11.46,4.51,2.72,0
W00783,S003,2024-02-20,3.71,11.11,1.44,3.34
W00784,S003,2024-02-21,4.6,10.83,2.19,0
W00785,S003,2024-02-22,15.71,9.74,2.35,5.19
W00786,S003,2024-02-23,5.98,7.98,1.56,0
W00787,S003,2024-02-24,5.89,9.54,1.27,1.83
W00788,S003,2024-02-25,4.2,8.59,2.23,3.37
W00789,S003,2024-02-26,17.46,11.92,2.08,1.92
W00790,S003,2024-02-27,9.29,8.69,1.78,9.59
W00791,S003,2024-02-28,7.47,6.82,3.04,2.38
W00792,S003,2024-02-29,8.97,11.57,1.73,7.48
W00793,S003,2024-03-01,13.75,5.23,2.54,6.52
W00794,S003,2024-03-02,23.89,10.14,1.99,1.26
W00795,S003,2024-03-03,19.25,7.95,1.69,10.89
W00796,S003,2024-03-04,19.15,6.36,2.25,1.68
W00797,S003,2024-03-05,14.05,5.94,2.36,0
W00798,S003,2024-03-06,6.89,10.68,2.23,0.23
W00799,S003,2024-03-07,20.25,5.66,1.98,6.32
W00800,S003,2024-03-08,16.05,3.62,1.51,3.3
W00801,S003,2024-03-09,6.05,6.4,2.71,0
W00802,S003,2024-03-10,22.07,7.94,3.03,0
W00803,S003,2024-03-11,18.02,5.84,3.35,5.5
W00804,S003,2024-03-12,11.22,8.54,1.46,2.79
W00805,S003,2024-03-13,8.45,9.7,2.37,10.09
W00806,S003,2024-03-14,14.71,7.73,2.64,6.73
W00807,S003,2024-03-15,17.41,7.53,0.72,5.33
W00808,S003,2024-03-16,17.43,8.01,2.36,2.82
W00809,S003,2024-03-17,13.21,8.46,0.9,6.38
W00810,S003,2024-03-18,15.5,10.19,1.74,0
W00811,S003,2024-03-19,14.29,5.73,0.49,6.26
W00812,S003,2024-03-20,15.55,3.37,2.14,0
W00813,S003,2024-03-21,14.77,10.41,1.61,3.24
W00814,S003,2024-03-22,22.14,8.77,2.87,4.0
W00815,S003,2024-03-23,18.95,9.66,2.47,3.67
W00816,S003,2024-03-24,22.53,10.95,2.63,0
W00817,S003,2024-03-25,17.58,7.38,2.04,0.43
W00818,S003,2024-03-26,23.88,10.52,2.76,0
W00819,S003,2024-03-27,12.56,7.03,3.98,3.46
W00820,S003,2024-03-28,15.81,11.06,3.45,6.72
W00821,S003,2024-03-29,11.85,8.2,2.05,0
W00822,S003,2024-03-30,23.8,9.47,2.64,2.66
W00823,S003,2024-03-31,8.6,9.25,1.65,2.39
W00824,S003,2024-04-01,20.22,8.12,3.83,4.7
W00825,S003,2024-04-02,15.38,11.27,2.7,0.03
W00826,S003,2024-04-03,10.79,8.01,4.46,0
W00827,S003,2024-04-04,24.97,7.46,1.99,3.71
W00828,S003,2024-04-05,25.91,6.62,1.63,2.25
W00829,S003,2024-04-06,13.32,14.86,3.12,1.34
W00830,S003,2024-04-07,19.72,10.53,2.22,0
W00831,S003,2024-04-08,14.41,9.91,1.62,7.05
W00832,S003,2024-04-09,10.03,7.8,3.06,0
W00833,S003,2024-04-10,11.54,10.5,3.01,10.09
W00834,S003,2024-04-11,18.25,6.43,1.17,2.97
W00835,S003,2024-04-12,24.12,8.07,1.39,0
W00836,S003,2024-04-13,13.26,5.4,0.14,7.91
W00837,S003,2024-04-14,12.99,6.45,2.48,2.84
W00838,S003,2024-04-15,14.4,7.93,2.78,5.16
W00839,S003,2024-04-16,17.26,7.91,2.2,0
W00840,S003,2024-04-17,13.77,14.06,1.23,0
W00841,S003,2024-04-18,11.22,11.21,1.8,6.41
W00842,S003,2024-04-19,17.12,10.17,2.49,11.98
W00843,S003,2024-04-20,19.14,8.17,2.47,0
W00844,S003,2024-04-21,20.12,7.33,2.43,3.98
W00845,S003,2024-04-22,16.74,9.12,2.18,6.24
W00846,S003,2024-04-23,10.05,9.53,1.17,2.34
W00847,S003,2024-04-24,21.51,8.79,1.69,0
W00848,S003,2024-04-25,16.4,9.74,2.24,0.82
W00849,S003,2024-04-26,9.22,12.08,2.21,0
W00850,S003,2024-04-27,10.17,9.89,1.49,13.06
W00851,S003,2024-04-28,15.43,11.62,2.01,5.21
W00852,S003,2024-04-29,20.09,6.78,0.97,6.43
W00853,S003,2024-04-30,15.13,11.72,1.14,0.07
W00854,S003,2024-05-01,17.76,10.05,1.88,0.15
W00855,S003,2024-05-02,19.77,10.17,2.84,0
W00856,S003,2024-05-03,17.56,8.63,1.5,2.12
W00857,S003,2024-05-04,15.92,5.84,3.02,0
W00858,S003,2024-05-05,21.36,12.05,1.69,7.65
W00859,S003,2024-05-06,11.32,4.17,2.68,1.37
W00860,S003,2024-05-07,18.97,7.22,1.51,3.77
W00861,S003,2024-05-08,16.03,7.39,2.55,0.27
W00862,S003,2024-05-09,23.32,4.96,2.12,7.1
W00863,S003,2024-05-10,7.73,10.35,2.29,0
W00864,S003,2024-05-11,18.07,7.29,2.08,0
W00865,S003,2024-05-12,10.49,6.99,2.58,0
W00866,S003,2024-05-13,12.74,8.46,2.82,1.22
W00867,S003,2024-05-14,17.75,9.56,3.1,8.04
W00868,S003,2024-05-15,8.07,7.02,2.62,0
W00869,S003,2024-05-16,11.11,7.97,3.25,0
W00870,S003,2024-05-17,17.24,4.6,2.41,4.09
W00871,S003,2024-05-18,9.38,9.96,3.0,0.32
W00872,S003,2024-05-19,15.83,9.64,1.68,2.87
W00873,S003,2024-05-20,12.73,11.88,0.76,2.82
W00874,S003,2024-05-21,15.42,12.0,1.66,12.76
W00875,S003,2024-05-22,14.93,6.51,1.53,0
W00876,S003,2024-05-23,15.64,7.79,2.38,8.71
W00877,S003,2024-05-24,14.23,9.12,2.16,4.97
W00878,S003,2024-05-25,21.4,5.94,1.96,10.76
W00879,S003,2024-05-26,17.28,7.19,2.42,5.49
W00880,S003,2024-05-27,16.9,11.51,1.88,0
W00881,S003,2024-05-28,14.66,6.56,3.16,0
W00882,S003,2024-05-29,22.54,8.91,1.59,0
W00883,S003,2024-05-30,14.26,4.66,3.28,0
W00884,S003,2024-05-31,20.03,4.69,0.84,0
W00885,S003,2024-06-01,23.24,8.62,2.0,0
W00886,S003,2024-06-02,9.18,13.32,1.87,0
W00887,S003,2024-06-03,16.51,8.3,2.95,0
W00888,S003,2024-06-04,11.99,5.77,1.66,5.98
W00889,S003,2024-06-05,9.8,10.07,2.47,0.0
W00890,S003,2024-06-06,22.27,10.14,0.88,3.14
W00891,S003,2024-06-07,12.36,11.86,0.86,13.03
W00892,S003,2024-06-08,15.66,7.72,2.23,2.03
W00893,S003,2024-06-09,16.48,5.26,2.74,14.58
W00894,S003,2024-06-10,17.43,7.08,0.87,6.41
W00895,S003,2024-06-11,18.02,10.49,2.43,1.47
W00896,S003,2024-06-12,15.09,10.51,1.9,0.06
W00897,S003,2024-06-13,13.27,10.87,2.14,1.67
W00898,S003,2024-06-14,14.02,5.92,2.21,0
W00899,S003,2024-06-15,20.23,10.83,1.98,0
W00900,S003,2024-06-16,19.54,7.22,1.75,5.54
W00901,S003,2024-06-17,18.12,6.71,2.38,0
W00902,S003,2024-06-18,10.09,9.63,2.57,0
W00903,S003,2024-06-19,19.22,2.78,2.52,0
W00904,S003,2024-06-20,16.2,12.87,1.99,0
W00905,S003,2024-06-21,12.23,14.32,1.69,3.64
W00906,S003,2024-06-22,19.88,9.7,2.37,4.96
W00907,S003,2024-06-23,12.88,7.22,2.16,3.43
W00908,S003,2024-06-24,17.39,7.26,2.98,6.97
W00909,S003,2024-06-25,12.17,9.58,1.56,11.76
W00910,S003,2024-06-26,16.35,8.58,2.49,0
W00911,S003,2024-06-27,15.16,10.12,2.01,2.51
W00912,S003,2024-06-28,7.73,10.27,1.71,2.58
W00913,S003,2024-06-29,8.82,4.96,2.2,0
W00914,S003,2024-06-30,17.55,8.66,1.57,0
W00915,S003,2024-07-01,13.18,7.62,1.39,2.92
W00916,S003,2024-07-02,16.67,7.66,3.26,3.96
W00917,S003,2024-07-03,15.18,14.37,1.88,0
W00918,S003,2024-07-04,20.89,10.84,2.49,1.24
W00919,S003,2024-07-05,10.53,11.46,2.61,0
W00920,S003,2024-07-06,19.21,8.79,2.22,7.72
W00921,S003,2024-07-07,12.48,6.62,1.46,4.5
W00922,S003,2024-07-08,16.68,7.81,1.97,6.26
W00923,S003,2024-07-09,13.23,9.18,2.35,1.78
W00924,S003,2024-07-10,17.88,8.89,4.12,4.58
W00925,S003,2024-07-11,25.6,11.49,1.62,0
W00926,S003,2024-07-12,12.47,6.28,3.98,0
W00927,S003,2024-07-13,14.66,11.19,1.1,0
W00928,S003,2024-07-14,20.15,7.06,2.53,0
W00929,S003,2024-07-15,21.99,9.89,1.81,6.22
W00930,S003,2024-07-16,22.83,4.65,2.81,10.67
W00931,S003,2024-07-17,19.2,10.97,1.45,0.43
W00932,S003,2024-07-18,13.24,8.56,2.53,6.55
W00933,S003,2024-07-19,13.93,5.17,2.51,1.01
W00934,S003,2024-07-20,21.84,9.6,2.68,6.06
W00935,S003,2024-07-21,17.9,7.39,3.2,0
W00936,S003,2024-07-22,16.45,9.77,2.6,3.87
W00937,S003,2024-07-23,12.89,7.08,2.04,6.39
W00938,S003,2024-07-24,21.41,9.54,1.68,4.12
W00939,S003,2024-07-25,10.62,5.47,1.7,9.74
W00940,S003,2024-07-26,17.74,8.35,0.93,0
W00941,S003,2024-07-27,17.92,11.84,2.56,2.69
W00942,S003,2024-07-28,15.84,7.38,1.17,0.78
W00943,S003,2024-07-29,18.09,11.88,1.34,5.01
W00944,S003,2024-07-30,8.68,9.1,1.77,0
W00945,S003,2024-07-31,17.69,10.21,1.48,7.23
W00946,S003,2024-08-01,14.96,4.17,2.96,4.31
W00947,S003,2024-08-02,12.07,6.67,0.67,9.11
W00948,S003,2024-08-03,22.01,10.65,1.56,0.83
W00949,S003,2024-08-04,10.79,7.15,2.13,2.74
W00950,S003,2024-08-05,8.91,11.73,4.32,0
W00951,S003,2024-08-06,12.01,11.89,2.15,5.32
W00952,S003,2024-08-07,20.25,6.59,2.64,1.37
W00953,S003,2024-08-08,22.07,10.93,2.29,0
W00954,S003,2024-08-09,22.03,6.41,1.82,0
W00955,S003,2024-08-10,21.54,8.0,2.02,0
W00956,S003,2024-08-11,18.83,8.35,2.01,0
W00957,S003,2024-08-12,21.56,9.55,2.8,0
W00958,S003,2024-08-13,13.34,10.4,2.38,10.86
W00959,S003,2024-08-14,19.46,11.14,2.26,3.97
W00960,S003,2024-08-15,13.42,5.86,2.58,0
W00961,S003,2024-08-16,22.21,4.42,1.36,2.15
W00962,S003,2024-08-17,8.49,2.41,3.38,6.53
W00963,S003,2024-08-18,15.42,11.56,1.62,4.44
W00964,S003,2024-08-19,24.94,5.14,2.42,4.87
W00965,S003,2024-08-20,11.68,4.12,2.19,3.76
W00966,S003,2024-08-21,19.87,4.97,2.25,3.33
W00967,S003,2024-08-22,15.38,5.11,2.36,4.13
W00968,S003,2024-08-23,12.95,5.79,1.91,4.03
W00969,S003,2024-08-24,19.33,6.19,2.57,2.99
W00970,S003,2024-08-25,9.72,5.48,0.87,1.06
W00971,S003,2024-08-26,15.42,11.56,0.86,11.23
W00972,S003,2024-08-27,17.45,3.99,1.67,7.23
W00973,S003,2024-08-28,17.94,13.73,3.61,4.91
W00974,S003,2024-08-29,21.25,5.99,1.53,4.01
W00975,S003,2024-08-30,15.26,6.96,2.79,7.55
W00976,S003,2024-08-31,16.01,13.98,1.54,3.84
W00977,S003,2024-09-01,7.01,5.87,1.34,7.45
W00978,S003,2024-09-02,19.39,6.95,0.64,9.64
W00979,S003,2024-09-03,17.1,7.22,1.68,8.8
W00980,S003,2024-09-04,15.2,5.63,1.75,4.89
W00981,S003,2024-09-05,14.75,7.21,3.95,8.77
W00982,S003,2024-09-06,17.14,11.43,2.05,6.88
W00983,S003,2024-09-07,12.31,5.6,2.1,7.96
W00984,S003,2024-09-08,20.57,12.4,0.1,1.51
W00985,S003,2024-09-09,18.53,9.11,2.01,2.56
W00986,S003,2024-09-10,17.67,9.5,2.73,0
W00987,S003,2024-09-11,18.31,11.99,2.63,1.08
W00988,S003,2024-09-12,10.64,5.97,2.4,0
W00989,S003,2024-09-13,18.92,8.7,2.09,10.32
W00990,S003,2024-09-14,14.91,2.75,0.96,3.04
W00991,S003,2024-09-15,11.12,12.7,0.82,0.67
W00992,S003,2024-09-16,14.54,7.01,3.12,0.38
W00993,S003,2024-09-17,24.35,5.28,2.24,6.92
W00994,S003,2024-09-18,15.78,7.79,3.38,8.27
W00995,S003,2024-09-19,19.27,9.67,2.42,0
W00996,S003,2024-09-20,27.14,9.27,3.17,0
W00997,S003,2024-09-21,-2.41,7.48,2.83,0.34
W00998,S003,2024-09-22,17.06,6.17,2.68,1.32
W00999,S003,2024-09-23,13.94,12.97,2.17,0
W01000,S003,2024-09-24,8.08,3.68,1.6,8.75
W01001,S003,2024-09-25,12.86,5.83,1.33,4.76
W01002,S003,2024-09-26,18.52,9.17,1.83,4.23
W01003,S003,2024-09-27,26.4,8.22,2.67,7.89
W01004,S003,2024-09-28,21.22,12.93,3.09,5.65
W01005,S003,2024-09-29,13.12,8.34,2.45,0
W01006,S003,2024-09-30,15.98,12.59,1.65,2.56
W01007,S003,2024-10-01,9.42,9.13,0.48,8.1
W01008,S003,2024-10-02,7.53,8.19,2.33,7.34
W01009,S003,2024-10-03,8.53,13.33,1.84,3.68
W01010,S003,2024-10-04,13.25,11.43,3.04,0
W01011,S003,2024-10-05,16.22,9.14,2.7,0
W01012,S003,2024-10-06,19.08,6.98,3.54,0
W01013,S003,2024-10-07,20.52,13.29,2.62,12.5
W01014,S003,2024-10-08,16.1,13.75,2.14,6.9
W01015,S003,2024-10-09,16.34,9.33,2.09,5.09
W01016,S003,2024-10-10,19.93,10.32,1.49,5.42
W01017,S003,2024-10-11,13.18,10.56,1.48,0.76
W01018,S003,2024-10-12,15.75,6.96,2.42,5.13
W01019,S003,2024-10-13,17.58,10.1,0.9,3.46
W01020,S003,2024-10-14,9.34,4.85,1.97,4.45
W01021,S003,2024-10-15,16.19,9.49,0.9,3.8
W01022,S003,2024-10-16,9.49,9.32,1.35,5.93
W01023,S003,2024-10-17,21.78,10.72,3.04,1.45
W01024,S003,2024-10-18,16.59,6.12,2.51,0
W01025,S003,2024-10-19,20.49,9.42,1.18,10.33
W01026,S003,2024-10-20,16.7,10.87,1.3,4.03
W01027,S003,2024-10-21,15.05,6.18,2.52,0
W01028,S003,2024-10-22,23.89,9.93,2.47,2.25
W01029,S003,2024-10-23,22.8,8.33,0.93,8.48
W01030,S003,2024-10-24,24.51,5.56,1.66,2.85
W01031,S003,2024-10-25,15.86,8.53,2.61,9.65
W01032,S003,2024-10-26,16.28,7.38,1.48,9.28
W01033,S003,2024-10-27,17.91,6.41,1.92,3.66
W01034,S003,2024-10-28,15.05,5.61,2.46,9.65
W01035,S003,2024-10-29,19.78,8.42,2.33,4.11
W01036,S003,2024-10-30,17.12,10.09,2.65,5.99
W01037,S003,2024-10-31,15.21,2.08,1.73,1.36
W01038,S003,2024-11-01,6.6,12.84,2.11,0
W01039,S003,2024-11-02,11.61,4.91,2.63,0
W01040,S003,2024-11-03,6.66,4.84,3.0,1.79
W01041,S003,2024-11-04,5.9,5.6,2.32,1.74
W01042,S003,2024-11-05,3.92,5.25,2.27,6.05
W01043,S003,2024-11-06,17.49,7.4,2.46,11.52
W01044,S003,2024-11-07,2.34,6.71,1.02,1.56
W01045,S003,2024-11-08,2.22,8.9,2.07,0
W01046,S003,2024-11-09,8.7,3.26,1.72,0
W01047,S003,2024-11-10,5.58,6.86,2.45,3.75
W01048,S003,2024-11-11,5.07,8.58,0.99,1.74
W01049,S003,2024-11-12,0.94,4.34,3.78,0
W01050,S003,2024-11-13,-0.56,6.66,2.59,1.45
W01051,S003,2024-11-14,3.46,5.8,1.66,6.48
W01052,S003,2024-11-15,10.82,7.54,2.25,4.85
W01053,S003,2024-11-16,10.22,6.09,2.02,2.75
W01054,S003,2024-11-17,10.48,5.79,2.53,4.66
W01055,S003,2024-11-18,-5.24,10.05,1.17,0
W01056,S003,2024-11-19,8.45,8.78,1.16,4.61
W01057,S003,2024-11-20,-0.27,12.17,1.3,2.96
W01058,S003,2024-11-21,2.85,12.63,2.7,0
W01059,S003,2024-11-22,5.98,10.77,2.06,2.29
W01060,S003,2024-11-23,9.39,7.29,2.04,10.16
W01061,S003,2024-11-24,9.09,6.85,1.25,1.89
W01062,S003,2024-11-25,16.53,5.31,2.14,0
W01063,S003,2024-11-26,1.75,5.3,3.1,2.97
W01064,S003,2024-11-27,10.02,9.51,1.49,0
W01065,S003,2024-11-28,5.34,6.62,2.56,0
W01066,S003,2024-11-29,7.34,9.25,0.99,7.77
W01067,S003,2024-11-30,18.43,11.48,2.4,7.11
W01068,S003,2024-12-01,1.46,4.92,2.38,0
W01069,S003,2024-12-02,-1.34,8.77,2.45,2.84
W01070,S003,2024-12-03,5.16,6.68,1.89,6.66
W01071,S003,2024-12-04,4.26,12.41,3.12,4.51
W01072,S003,2024-12-05,2.01,10.6,2.91,0
W01073,S003,2024-12-06,6.11,10.12,2.21,1.61
W01074,S003,2024-12-07,3.51,9.08,2.64,1.97
W01075,S003,2024-12-08,6.18,9.24,3.81,1.66
W01076,S003,2024-12-09,9.18,5.41,3.65,4.34
W01077,S003,2024-12-10,0.73,7.54,1.65,0
W01078,S003,2024-12-11,20.64,10.13,2.83,7.4
W01079,S003,2024-12-12,3.56,10.99,2.53,0
W01080,S003,2024-12-13,5.98,7.29,1.04,0
W01081,S003,2024-12-14,4.69,10.78,2.56,1.67
W01082,S003,2024-12-15,4.44,8.22,2.38,0
W01083,S003,2024-12-16,13.65,4.76,2.57,2.3
W01084,S003,2024-12-17,-2.06,8.0,0.97,3.96
W01085,S003,2024-12-18,-4.05,11.07,0.62,0
W01086,S003,2024-12-19,3.36,5.48,2.99,0
W01087,S003,2024-12-20,-4.35,5.07,1.44,0
W01088,S003,2024-12-21,5.64,5.11,2.58,0.67
W01089,S003,2024-12-22,8.53,9.32,3.16,0.94
W01090,S003,2024-12-23,-2.36,9.57,2.54,4.11
W01091,S003,2024-12-24,5.53,10.26,2.35,6.65
W01092,S003,2024-12-25,8.92,9.24,2.97,2.01
W01093,S003,2024-12-26,3.88,6.58,0.67,1.68
W01094,S003,2024-12-27,5.26,9.3,2.33,0
W01095,S003,2024-12-28,6.91,6.06,2.58,2.62
W01096,S003,2024-12-29,12.45,5.78,2.7,4.73
W01097,S003,2024-12-30,1.91,8.41,2.63,15.7
W01098,S003,2024-12-31,3.46,7.29,2.91,11.53
W01099,S004,2024-01-01,4.66,5.27,3.3,0
W01100,S004,2024-01-02,9.17,5.71,1.7,0.94
W01101,S004,2024-01-03,2.78,6.98,1.92,5.21
W01102,S004,2024-01-04,8.16,7.43,1.81,0.73
W01103,S004,2024-01-05,8.11,8.73,2.49,0
W01104,S004,2024-01-06,7.5,4.9,2.62,0
W01105,S004,2024-01-07,6.34,2.62,4.28,6.64
W01106,S004,2024-01-08,8.44,2.99,1.5,6.36
W01107,S004,2024-01-09,9.66,1,1.12,0
W01108,S004,2024-01-10,-0.38,3.44,0.43,8.13
W01109,S004,2024-01-11,8.71,2.68,0.32,2.62
W01110,S004,2024-01-12,9.34,4.52,1.61,4.94
W01111,S004,2024-01-13,9.4,5.08,2.73,0.93
W01112,S004,2024-01-14,0.65,3.86,2.58,0.78
W01113,S004,2024-01-15,7.17,7.26,3.34,3.19
W01114,S004,2024-01-16,6.12,2.33,2.42,0
W01115,S004,2024-01-17,4.57,3.22,2.54,2.65
W01116,S004,2024-01-18,4.27,6.24,1.09,0.11
W01117,S004,2024-01-19,8.56,4.13,2.96,0.9
W01118,S004,2024-01-20,4.3,2.49,2.25,5.28
W01119,S004,2024-01-21,17.22,7.91,2.01,4.69
W01120,S004,2024-01-22,7.56,5.41,1.32,3.43
W01121,S004,2024-01-23,4.97,6.21,2.81,5.23
W01122,S004,2024-01-24,7.95,4.54,1.86,0
W01123,S004,2024-01-25,12.96,7.05,4.12,5.01
W01124,S004,2024-01-26,0.79,3.25,1.88,1.95
W01125,S004,2024-01-27,5.79,5.29,0.1,0
W01126,S004,2024-01-28,7.98,4.33,2.76,3.52
W01127,S004,2024-01-29,11.41,4.44,0.92,1.9
W01128,S004,2024-01-30,11.1,3.34,2.47,5.57
W01129,S004,2024-01-31,2.79,4.64,2.62,0
W01130,S004,2024-02-01,4.9,5.11,0.67,2.35
W01131,S004,2024-02-02,0.47,6.64,0.96,6.94
W01132,S004,2024-02-03,2.98,1.6,2.37,2.97
W01133,S004,2024-02-04,10.57,3.69,3.12,2.29
W01134,S004,2024-02-05,10.44,5.78,2.36,3.82
W01135,S004,2024-02-06,13.02,4.57,3.02,0
W01136,S004,2024-02-07,4.56,4.8,2.48,4.28
W01137,S004,2024-02-08,12.62,7.93,2.4,0
W01138,S004,2024-02-09,1.04,2.9,0.36,0
W01139,S004,2024-02-10,2.22,6.43,1.76,0
W01140,S004,2024-02-11,13.76,4.69,1.6,4.34
W01141,S004,2024-02-12,5.26,3.78,2.67,4.4
W01142,S004,2024-02-13,11.42,8.19,1.17,4.07
W01143,S004,2024-02-14,6.3,6.51,3.48,0
W01144,S004,2024-02-15,4.46,6.91,3.06,0
W01145,S004,2024-02-16,12.93,6.51,2.08,3.0
W01146,S004,2024-02-17,7.78,5.9,1.36,0
W01147,S004,2024-02-18,8.33,3.75,1.29,6.12
W01148,S004,2024-02-19,9.91,4.81,1.42,1.7
W01149,S004,2024-02-20,21.38,4.45,1.45,5.06
W01150,S004,2024-02-21,4.79,5.24,2.5,1.6
W01151,S004,2024-02-22,2.36,8.08,1.41,9.73
W01152,S004,2024-02-23,6.86,4.99,2.52,4.89
W01153,S004,2024-02-24,18.79,7.47,1.01,0.66
W01154,S004,2024-02-25,11.81,3.99,1.49,0
W01155,S004,2024-02-26,8.25,3.07,1.55,0.2
W01156,S004,2024-02-27,4.47,3.02,1.76,7.41
W01157,S004,2024-02-28,15.87,7.47,1.44,13.7
W01158,S004,2024-02-29,7.33,5.06,1.25,0
W01159,S004,2024-03-01,10.13,3.04,3.87,1.57
W01160,S004,2024-03-02,11.51,4.75,3.58,2.24
W01161,S004,2024-03-03,20.09,7.42,3.93,2.92
W01162,S004,2024-03-04,9.51,6.03,1.78,4.28
W01163,S004,2024-03-05,20.18,8.97,3.75,0
W01164,S004,2024-03-06,12.56,3.95,4.87,4.76
W01165,S004,2024-03-07,7.03,6.73,3.98,4.85
W01166,S004,2024-03-08,14.83,2.74,1.97,0
W01167,S004,2024-03-09,21.02,2.39,4.06,0
W01168,S004,2024-03-10,20.19,4.71,3.66,0.8
W01169,S004,2024-03-11,11.13,3.81,3.75,3.86
W01170,S004,2024-03-12,20.14,2.17,3.32,6.23
W01171,S004,2024-03-13,15.03,4.82,2.0,0
W01172,S004,2024-03-14,16.92,4.15,2.56,4.59
W01173,S004,2024-03-15,14.17,3.59,2.18,0
W01174,S004,2024-03-16,14.22,3.9,1.82,0
W01175,S004,2024-03-17,13.28,6.0,3.66,4.05
W01176,S004,2024-03-18,11.64,5.61,3.95,0
W01177,S004,2024-03-19,12.37,4.61,3.72,4.31
W01178,S004,2024-03-20,7.63,3.37,2.74,3.83
W01179,S004,2024-03-21,17.7,4.25,3.81,3.09
W01180,S004,2024-03-22,16.59,4.43,3.3,7.95
W01181,S004,2024-03-23,7.27,8.94,2.61,3.61
W01182,S004,2024-03-24,12.35,6.4,2.42,0
W01183,S004,2024-03-25,13.76,7.17,3.0,3.83
W01184,S004,2024-03-26,16.23,4.76,2.74,7.14
W01185,S004,2024-03-27,23.78,4.91,3.61,0
W01186,S004,2024-03-28,12.03,5.94,3.33,0
W01187,S004,2024-03-29,24.04,5.46,4.13,1.28
W01188,S004,2024-03-30,7.5,3.91,3.56,0.03
W01189,S004,2024-03-31,17.17,6.49,2.83,4.51
W01190,S004,2024-04-01,14.41,4.38,2.73,1.56
W01191,S004,2024-04-02,16.88,3.65,2.81,0
W01192,S004,2024-04-03,17.44,4.37,4.42,3.34
W01193,S004,2024-04-04,20.42,7.76,3.95,0
W01194,S004,2024-04-05,11.42,3.34,3.4,0
W01195,S004,2024-04-06,23.59,4.56,3.5,0
W01196,S004,2024-04-07,16.57,4.75,4.19,2.87
W01197,S004,2024-04-08,19.83,6.6,2.91,0
W01198,S004,2024-04-09,11.6,2.82,2.1,4.53
W01199,S004,2024-04-10,23.84,7.02,4.18,0
W01200,S004,2024-04-11,19.92,3.71,3.61,0
W01201,S004,2024-04-12,9.43,6.05,4.26,10.65
W01202,S004,2024-04-13,28.82,5.19,4.43,2.89
W01203,S004,2024-04-14,14.02,5.69,3.06,1.59
W01204,S004,2024-04-15,6.48,3.86,2.2,1.94
W01205,S004,2024-04-16,12.43,3.22,1.92,0.75
W01206,S004,2024-04-17,19.75,2.64,3.01,0.94
W01207,S004,2024-04-18,12.15,1.65,3.18,7.65
W01208,S004,2024-04-19,14.98,6.78,4.0,1.13
W01209,S004,2024-04-20,17.37,3.52,4.28,6.55
W01210,S004,2024-04-21,12.09,1,3.16,0.23
W01211,S004,2024-04-22,6.9,1.23,4.64,2.43
W01212,S004,2024-04-23,19.08,3.93,4.25,10.75
W01213,S004,2024-04-24,14.32,3.32,3.82,5.35
W01214,S004,2024-04-25,24.46,5.03,3.25,2.84
W01215,S004,2024-04-26,17.61,4.59,4.81,1.75
W01216,S004,2024-04-27,21.6,4.2,2.82,0
W01217,S004,2024-04-28,17.74,5.53,3.96,3.73
W01218,S004,2024-04-29,21.83,6.64,3.85,11.11
W01219,S004,2024-04-30,11.68,4.46,3.25,1.44
W01220,S004,2024-05-01,22.77,7.54,5.37,1.01
W01221,S004,2024-05-02,17.95,2.61,4.07,4.41
W01222,S004,2024-05-03,12.93,5.53,3.92,0
W01223,S004,2024-05-04,6.95,4.59,3.9,2.48
W01224,S004,2024-05-05,13.8,2.33,5.78,3.86
W01225,S004,2024-05-06,13.65,8.02,5.0,7.32
W01226,S004,2024-05-07,17.29,2.79,4.88,0
W01227,S004,2024-05-08,7.46,5.86,3.28,0
W01228,S004,2024-05-09,12.01,6.72,6.81,4.54
W01229,S004,2024-05-10,10.42,1.71,4.9,4.94
W01230,S004,2024-05-11,26.18,3.5,5.43,0.77
W01231,S004,2024-05-12,20.64,2.43,4.5,0.29
W01232,S004,2024-05-13,13.03,4.85,4.68,9.0
W01233,S004,2024-05-14,20.3,5.98,4.03,1.83
W01234,S004,2024-05-15,9.59,5.3,5.82,6.61
W01235,S004,2024-05-16,22.57,3.8,5.27,5.73
W01236,S004,2024-05-17,20.83,3.3,4.41,3.89
W01237,S004,2024-05-18,20.77,6.21,4.47,0
W01238,S004,2024-05-19,23.56,4.95,3.58,4.53
W01239,S004,2024-05-20,15.75,2.54,5.07,5.86
W01240,S004,2024-05-21,28.21,4.61,4.34,4.88
W01241,S004,2024-05-22,8.91,8.3,6.8,0.86
W01242,S004,2024-05-23,14.25,4.16,3.4,0
W01243,S004,2024-05-24,14.69,3.84,3.54,2.68
W01244,S004,2024-05-25,21.45,5.81,5.01,0.57
W01245,S004,2024-05-26,21.43,3.15,5.03,3.58
W01246,S004,2024-05-27,18.15,6.82,4.45,6.96
W01247,S004,2024-05-28,28.04,5.09,5.43,0
W01248,S004,2024-05-29,18.91,4.74,5.21,1.6
W01249,S004,2024-05-30,18.05,7.69,5.78,0.51
W01250,S004,2024-05-31,16.25,4.13,5.5,1.18
W01251,S004,2024-06-01,13.88,9.17,6.05,3.03
W01252,S004,2024-06-02,18.48,2.95,5.02,5.14
W01253,S004,2024-06-03,14.16,5.78,3.68,2.09
W01254,S004,2024-06-04,16.6,1.61,5.07,5.42
W01255,S004,2024-06-05,16.5,3.76,4.71,1.56
W01256,S004,2024-06-06,19.06,5.57,3.28,1.94
W01257,S004,2024-06-07,21.31,3.51,4.92,0.76
W01258,S004,2024-06-08,19.91,3.56,3.79,0
W01259,S004,2024-06-09,14.42,8.73,4.24,9.07
W01260,S004,2024-06-10,22.48,5.94,5.2,0
W01261,S004,2024-06-11,10.15,7.87,5.71,0.96
W01262,S004,2024-06-12,15.04,2.55,4.98,6.91
W01263,S004,2024-06-13,19.25,4.0,5.04,2.93
W01264,S004,2024-06-14,17.93,4.87,5.96,8.78
W01265,S004,2024-06-15,11.64,4.02,4.67,5.73
W01266,S004,2024-06-16,16.49,3.8,4.72,0
W01267,S004,2024-06-17,16.04,4.55,7.05,0.8
W01268,S004,2024-06-18,14.42,4.9,3.4,1.94
W01269,S004,2024-06-19,22.64,5.34,4.64,2.69
W01270,S004,2024-06-20,9.43,3.97,5.47,1.39
W01271,S004,2024-06-21,22.09,4.48,3.57,6.87
W01272,S004,2024-06-22,13.35,6.52,4.9,0
W01273,S004,2024-06-23,12.85,3.53,5.12,0
W01274,S004,2024-06-24,15.4,6.8,6.35,1.41
W01275,S004,2024-06-25,17.51,4.76,4.2,3.83
W01276,S004,2024-06-26,7.71,4.2,4.93,3.11
W01277,S004,2024-06-27,10.34,8.19,4.89,0
W01278,S004,2024-06-28,15.95,6.8,3.06,1.99
W01279,S004,2024-06-29,15.14,4.12,4.25,7.67
W01280,S004,2024-06-30,16.8,4.21,4.61,4.88
W01281,S004,2024-07-01,11.23,5.64,5.01,4.77
W01282,S004,2024-07-02,16.74,2.69,4.78,4.51
W01283,S004,2024-07-03,15.44,2.76,6.07,3.12
W01284,S004,2024-07-04,20.95,6.22,4.22,2.52
W01285,S004,2024-07-05,23.14,2.12,5.45,1.4
W01286,S004,2024-07-06,21.05,3.48,3.19,0
W01287,S004,2024-07-07,16.27,4.66,5.74,6.83
W01288,S004,2024-07-08,18.22,4.93,5.1,3.62
W01289,S004,2024-07-09,13.34,2.69,3.58,0
W01290,S004,2024-07-10,21.81,1.28,4.17,0
W01291,S004,2024-07-11,17.22,4.7,4.91,0
W01292,S004,2024-07-12,17.71,6.11,4.43,11.8
W01293,S004,2024-07-13,16.16,6.53,3.43,8.21
W01294,S004,2024-07-14,12.71,7.36,5.13,4.39
W01295,S004,2024-07-15,16.91,6.57,3.62,2.75
W01296,S004,2024-07-16,11.63,4.91,4.37,0
W01297,S004,2024-07-17,13.84,4.86,6.48,1.45
W01298,S004,2024-07-18,11.58,3.19,4.55,3.92
W01299,S004,2024-07-19,21.67,7.89,5.42,3.17
W01300,S004,2024-07-20,14.06,5.63,4.63,6.29
W01301,S004,2024-07-21,11.69,4.16,5.15,9.3
W01302,S004,2024-07-22,5.6,4.27,4.86,3.19
W01303,S004,2024-07-23,22.87,4.2,4.44,0
W01304,S004,2024-07-24,12.75,5.26,4.73,0
W01305,S004,2024-07-25,18.59,7.55,4.74,7.68
W01306,S004,2024-07-26,22.88,2.91,4.54,5.58
W01307,S004,2024-07-27,14.4,4.25,5.57,2.72
W01308,S004,2024-07-28,22.91,6.28,3.93,0
W01309,S004,2024-07-29,10.86,4.15,6.27,7.84
W01310,S004,2024-07-30,19.44,6.22,6.78,1.8
W01311,S004,2024-07-31,18.95,7.23,5.29,0
W01312,S004,2024-08-01,10.38,6.8,4.99,2.92
W01313,S004,2024-08-02,13.58,7.21,4.05,0
W01314,S004,2024-08-03,19.76,7.17,5.01,0
W01315,S004,2024-08-04,19.26,3.79,3.18,0.23
W01316,S004,2024-08-05,13.84,6.9,5.23,0.43
W01317,S004,2024-08-06,10.97,5.73,4.32,1.68
W01318,S004,2024-08-07,13.92,2.55,4.94,5.01
W01319,S004,2024-08-08,18.7,7.45,5.26,0
W01320,S004,2024-08-09,18.25,6.64,5.67,7.21
W01321,S004,2024-08-10,8.86,3.44,4.31,2.9
W01322,S004,2024-08-11,11.84,3.15,5.12,0
W01323,S004,2024-08-12,12.51,3.24,4.56,4.14
W01324,S004,2024-08-13,11.6,4.2,5.18,0
W01325,S004,2024-08-14,14.46,8.16,5.34,6.36
W01326,S004,2024-08-15,18.59,6.06,4.34,0
W01327,S004,2024-08-16,19.4,3.8,5.29,5.87
W01328,S004,2024-08-17,10.94,5.65,4.91,1.08
W01329,S004,2024-08-18,18.55,3.75,4.94,4.94
W01330,S004,2024-08-19,9.72,5.12,5.29,0
W01331,S004,2024-08-20,12.76,4.43,5.63,3.64
W01332,S004,2024-08-21,22.48,6.13,4.82,8.01
W01333,S004,2024-08-22,20.78,5.51,2.41,1.1
W01334,S004,2024-08-23,21.35,6.06,4.82,8.23
W01335,S004,2024-08-24,21.67,5.34,3.41,11.4
W01336,S004,2024-08-25,14.94,5.5,4.59,0
W01337,S004,2024-08-26,13.76,1.14,5.55,4.05
W01338,S004,2024-08-27,14.43,3.68,6.66,0
W01339,S004,2024-08-28,22.89,5.25,5.35,2.13
W01340,S004,2024-08-29,18.14,8.34,4.86,0
W01341,S004,2024-08-30,18.69,5.07,5.05,3.13
W01342,S004,2024-08-31,20.61,3.08,6.19,0
W01343,S004,2024-09-01,15.64,4.98,4.07,0
W01344,S004,2024-09-02,19.05,9.28,4.03,6.73
W01345,S004,2024-09-03,18.05,7.66,1.84,0
W01346,S004,2024-09-04,19.06,3.32,3.13,4.4
W01347,S004,2024-09-05,13.22,6.03,3.53,5.22
W01348,S004,2024-09-06,20.93,7.15,2.99,0
W01349,S004,2024-09-07,19.66,1.3,2.13,8.06
W01350,S004,2024-09-08,10.81,5.68,3.86,0
W01351,S004,2024-09-09,19.93,4.08,3.17,0
W01352,S004,2024-09-10,20.25,5.76,4.41,12.48
W01353,S004,2024-09-11,19.5,4.45,2.42,3.29
W01354,S004,2024-09-12,15.23,4.93,3.83,0.8
W01355,S004,2024-09-13,19.95,5.48,2.31,3.75
W01356,S004,2024-09-14,26.64,5.14,3.27,4.15
W01357,S004,2024-09-15,15.99,3.85,4.59,6.1
W01358,S004,2024-09-16,18.75,6.45,4.08,3.14
W01359,S004,2024-09-17,15.93,4.04,0.88,0.36
W01360,S004,2024-09-18,13.23,7.05,3.58,6.97
W01361,S004,2024-09-19,16.62,9.72,3.6,5.15
W01362,S004,2024-09-20,14.37,5.92,3.9,3.36
W01363,S004,2024-09-21,16.5,4.69,3.47,3.09
W01364,S004,2024-09-22,12.48,4.81,4.19,1.81
W01365,S004,2024-09-23,10.8,5.37,3.2,7.13
W01366,S004,2024-09-24,11.05,3.29,1.16,7.48
W01367,S004,2024-09-25,19.11,6.39,3.65,0
W01368,S004,2024-09-26,14.07,8.29,4.72,4.04
W01369,S004,2024-09-27,14.59,5.03,3.16,2.08
W01370,S004,2024-09-28,18.69,3.52,1.08,0
W01371,S004,2024-09-29,22.05,3.87,2.18,0
W01372,S004,2024-09-30,13.2,2.34,4.65,5.44
W01373,S004,2024-10-01,2.8,6.46,2.17,3.68
W01374,S004,2024-10-02,14.08,4.37,4.19,2.5
W01375,S004,2024-10-03,14.38,2.1,4.35,4.68
W01376,S004,2024-10-04,20.99,4.29,2.29,1.99
W01377,S004,2024-10-05,14.47,7.55,1.69,5.54
W01378,S004,2024-10-06,13.14,4.46,3.02,0
W01379,S004,2024-10-07,6.14,7.92,3.55,6.09
W01380,S004,2024-10-08,14.97,5.66,2.91,11.16
W01381,S004,2024-10-09,17.16,4.91,2.94,0
W01382,S004,2024-10-10,15.28,4.62,3.29,2.15
W01383,S004,2024-10-11,10.44,7.02,3.73,0
W01384,S004,2024-10-12,16.95,3.18,2.57,0
W01385,S004,2024-10-13,7.81,5.92,3.73,8.45
W01386,S004,2024-10-14,16.81,5.33,3.55,7.6
W01387,S004,2024-10-15,18.31,4.12,3.33,7.16
W01388,S004,2024-10-16,14.22,7.29,4.39,6.71
W01389,S004,2024-10-17,19.46,4.51,3.73,2.1
W01390,S004,2024-10-18,8.02,4.18,3.05,2.98
W01391,S004,2024-10-19,13.15,5.34,4.43,4.97
W01392,S004,2024-10-20,16.25,4.94,2.3,1.34
W01393,S004,2024-10-21,19.71,6.04,3.79,1.92
W01394,S004,2024-10-22,16.11,6.53,2.84,3.72
W01395,S004,2024-10-23,13.71,2.51,4.81,0.43
W01396,S004,2024-10-24,21.4,2.31,2.31,5.4
W01397,S004,2024-10-25,13.4,7.01,2.87,1.51
W01398,S004,2024-10-26,15.63,3.89,2.59,4.34
W01399,S004,2024-10-27,11.38,2.03,4.41,6.28
W01400,S004,2024-10-28,19.13,4.64,2.87,0.15
W01401,S004,2024-10-29,13.07,1.35,2.22,2.01
W01402,S004,2024-10-30,17.67,8.03,3.22,0.95
W01403,S004,2024-10-31,8.5,5.25,3.69,6.55
W01404,S004,2024-11-01,14.05,3.57,0.1,7.82
W01405,S004,2024-11-02,7.38,4.39,1.98,0.53
W01406,S004,2024-11-03,12.97,1.61,0.52,3.86
W01407,S004,2024-11-04,11.91,4.83,4.56,0
W01408,S004,2024-11-05,11.06,6.01,1.4,8.25
W01409,S004,2024-11-06,13.33,6.49,1.14,0
W01410,S004,2024-11-07,9.24,6.66,2.48,2.93
W01411,S004,2024-11-08,7.94,4.45,0.99,0
W01412,S004,2024-11-09,9.08,4.48,2.97,0.22
W01413,S004,2024-11-10,2.07,2.49,1.33,0
W01414,S004,2024-11-11,10.14,1.94,1.98,1.8
W01415,S004,2024-11-12,14.18,10.15,1.04,6.65
W01416,S004,2024-11-13,10.96,5.58,1.71,1.43
W01417,S004,2024-11-14,16.56,4.85,3.53,2.61
W01418,S004,2024-11-15,11.54,5.23,0.97,2.55
W01419,S004,2024-11-16,10.38,6.05,0.2,5.05
W01420,S004,2024-11-17,14.3,5.98,2.57,0
W01421,S004,2024-11-18,4.78,4.13,1.08,1.55
W01422,S004,2024-11-19,7.6,2.43,2.67,6.13
W01423,S004,2024-11-20,2.45,2.83,1.91,11.0
W01424,S004,2024-11-21,17.19,6.07,1.35,2.04
W01425,S004,2024-11-22,6.45,2.98,1.91,0
W01426,S004,2024-11-23,10.1,6.85,1.13,0
W01427,S004,2024-11-24,14.18,5.15,1.05,0
W01428,S004,2024-11-25,3.29,4.46,1.24,0
W01429,S004,2024-11-26,6.72,2.64,1.19,0.08
W01430,S004,2024-11-27,13.94,8.9,1.67,4.87
W01431,S004,2024-11-28,8.36,3.63,2.88,3.03
W01432,S004,2024-11-29,17.43,1,1.67,8.9
W01433,S004,2024-11-30,8.27,4.79,0.35,0.19
W01434,S004,2024-12-01,3.9,4.82,3.77,8.85
W01435,S004,2024-12-02,8.05,4.08,2.19,3.66
W01436,S004,2024-12-03,1.9,4.45,2.15,0.08
W01437,S004,2024-12-04,5.98,5.74,2.63,6.65
W01438,S004,2024-12-05,5.32,4.42,1.78,5.8
W01439,S004,2024-12-06,7.09,4.59,1.45,3.37
W01440,S004,2024-12-07,9.97,2.3,2.26,3.34
W01441,S004,2024-12-08,16.08,5.45,2.75,2.36
W01442,S004,2024-12-09,10.11,5.49,1.54,0.61
W01443,S004,2024-12-10,13.67,3.46,1.49,5.74
W01444,S004,2024-12-11,1.28,2.59,2.94,1.53
W01445,S004,2024-12-12,7.84,5.11,2.39,0
W01446,S004,2024-12-13,6.33,5.66,2.56,4.04
W01447,S004,2024-12-14,7.84,3.96,3.28,0.03
W01448,S004,2024-12-15,7.56,3.03,1.96,0
W01449,S004,2024-12-16,6.21,7.63,2.14,0
W01450,S004,2024-12-17,9.61,4.89,2.74,2.6
W01451,S004,2024-12-18,11.7,3.91,0.85,3.66
W01452,S004,2024-12-19,5.79,3.85,1.14,7.67
W01453,S004,2024-12-20,7.43,5.34,1.76,0
W01454,S004,2024-12-21,3.85,5.73,2.0,11.75
W01455,S004,2024-12-22,9.6,7.39,1.64,0
W01456,S004,2024-12-23,8.14,4.38,1.56,0
W01457,S004,2024-12-24,4.47,4.8,1.75,4.84
W01458,S004,2024-12-25,6.67,6.16,1.53,4.61
W01459,S004,2024-12-26,6.41,2.1,1.96,4.81
W01460,S004,2024-12-27,-0.48,3.62,2.75,4.15
W01461,S004,2024-12-28,7.63,7.67,2.62,5.47
W01462,S004,2024-12-29,1.54,2.37,3.3,0
W01463,S004,2024-12-30,8.58,2.48,0.1,0
W01464,S004,2024-12-31,13.07,5.85,3.28,4.33
W01465,S005,2024-01-01,11.51,6.57,2.28,0
W01466,S005,2024-01-02,7.8,7.4,2.92,0
W01467,S005,2024-01-03,7.16,6.37,0.82,5.2
W01468,S005,2024-01-04,6.28,8.94,0.52,1.35
W01469,S005,2024-01-05,7.45,7.81,1.69,3.25
W01470,S005,2024-01-06,2.46,7.78,2.76,6.02
W01471,S005,2024-01-07,2.53,8.87,1.6,1.14
W01472,S005,2024-01-08,6.41,4.46,2.61,2.75
W01473,S005,2024-01-09,2.74,9.55,1.24,7.54
W01474,S005,2024-01-10,15.38,6.59,0.99,1.0
W01475,S005,2024-01-11,-2.59,7.24,2.7,0
W01476,S005,2024-01-12,7.41,7.95,3.43,0
W01477,S005,2024-01-13,5.42,5.57,1.79,0
W01478,S005,2024-01-14,7.85,7.05,2.94,7.3
W01479,S005,2024-01-15,12.93,10.01,2.7,2.18
W01480,S005,2024-01-16,10.44,10.78,1.79,1.06
W01481,S005,2024-01-17,13.55,10.73,1.99,0.16
W01482,S005,2024-01-18,7.05,9.45,0.82,1.29
W01483,S005,2024-01-19,3.5,8.13,2.29,5.48
W01484,S005,2024-01-20,-3.43,9.52,2.98,2.61
W01485,S005,2024-01-21,8.49,7.85,2.88,5.63
W01486,S005,2024-01-22,14.96,8.88,2.73,0
W01487,S005,2024-01-23,6.18,4.12,2.13,1.96
W01488,S005,2024-01-24,7.21,12.72,2.31,6.08
W01489,S005,2024-01-25,11.22,7.27,1.21,6.11
W01490,S005,2024-01-26,6.23,8.59,2.29,0
W01491,S005,2024-01-27,0.5,9.68,1.89,4.92
W01492,S005,2024-01-28,9.73,10.17,2.53,9.05
W01493,S005,2024-01-29,19.16,9.03,1.98,7.52
W01494,S005,2024-01-30,9.28,6.71,3.11,0
W01495,S005,2024-01-31,5.0,10.44,2.65,3.02
W01496,S005,2024-02-01,16.28,10.81,1.79,2.53
W01497,S005,2024-02-02,2.87,4.19,1.51,0
W01498,S005,2024-02-03,7.65,7.61,2.81,1.3
W01499,S005,2024-02-04,12.54,5.31,2.84,1.0
W01500,S005,2024-02-05,2.64,7.4,2.64,3.09
W01501,S005,2024-02-06,10.28,9.08,2.22,0
W01502,S005,2024-02-07,7.35,4.04,2.11,6.97
W01503,S005,2024-02-08,4.91,7.35,2.3,6.45
W01504,S005,2024-02-09,-1.0,8.59,2.37,0
W01505,S005,2024-02-10,9.61,9.96,2.13,3.63
W01506,S005,2024-02-11,0.9,7.42,1.76,7.97
W01507,S005,2024-02-12,-4.53,6.04,2.27,0
W01508,S005,2024-02-13,10.25,4.94,2.67,1.96
W01509,S005,2024-02-14,5.64,7.89,2.19,0
W01510,S005,2024-02-15,4.9,12.45,2.85,4.51
W01511,S005,2024-02-16,10.39,9.8,2.7,0.66
W01512,S005,2024-02-17,7.08,12.34,2.91,0
W01513,S005,2024-02-18,6.37,8.3,1.51,5.88
W01514,S005,2024-02-19,15.08,8.38,1.42,0
W01515,S005,2024-02-20,13.07,11.22,2.07,1.38
W01516,S005,2024-02-21,10.92,9.79,2.12,1.16
W01517,S005,2024-02-22,8.5,7.13,3.33,3.51
W01518,S005,2024-02-23,2.75,8.89,2.09,6.35
W01519,S005,2024-02-24,-0.36,13.31,1.93,0
W01520,S005,2024-02-25,2.16,7.07,1.62,2.94
W01521,S005,2024-02-26,5.05,11.51,3.56,6.03
W01522,S005,2024-02-27,9.64,11.07,2.99,1.86
W01523,S005,2024-02-28,-1.14,6.43,1.08,3.51
W01524,S005,2024-02-29,4.96,11.63,2.16,5.39
W01525,S005,2024-03-01,6.08,9.27,1.35,0
W01526,S005,2024-03-02,19.82,10.84,2.46,0.05
W01527,S005,2024-03-03,17.27,11.84,2.59,6.01
W01528,S005,2024-03-04,14.63,8.21,2.98,3.0
W01529,S005,2024-03-05,16.41,10.89,2.39,5.39
W01530,S005,2024-03-06,12.38,11.9,2.04,5.92
W01531,S005,2024-03-07,15.55,8.6,2.05,1.81
W01532,S005,2024-03-08,22.49,12.49,1.48,0
W01533,S005,2024-03-09,28.52,7.57,2.19,2.38
W01534,S005,2024-03-10,14.78,6.11,1.77,0
W01535,S005,2024-03-11,21.96,7.58,2.06,1.37
W01536,S005,2024-03-12,26.45,11.35,2.39,6.71
W01537,S005,2024-03-13,21.89,11.73,1.28,0
W01538,S005,2024-03-14,19.39,10.78,1.67,4.9
W01539,S005,2024-03-15,11.27,9.68,2.13,0
W01540,S005,2024-03-16,17.98,8.37,1.95,6.53
W01541,S005,2024-03-17,8.71,6.27,2.65,0.25
W01542,S005,2024-03-18,19.81,9.62,1.83,0
W01543,S005,2024-03-19,19.02,11.2,1.63,1.31
W01544,S005,2024-03-20,15.62,4.14,2.34,1.18
W01545,S005,2024-03-21,16.7,9.36,3.1,5.38
W01546,S005,2024-03-22,18.31,12.16,2.77,5.5
W01547,S005,2024-03-23,21.26,6.44,1.72,0
W01548,S005,2024-03-24,17.6,9.5,2.66,0
W01549,S005,2024-03-25,16.65,4.76,1.23,0
W01550,S005,2024-03-26,13.5,4.54,2.27,0.43
W01551,S005,2024-03-27,16.95,9.75,2.17,2.92
W01552,S005,2024-03-28,15.87,10.06,4.13,1.94
W01553,S005,2024-03-29,12.01,7.96,1.08,2.59
W01554,S005,2024-03-30,26.78,10.69,3.19,1.01
W01555,S005,2024-03-31,19.05,8.51,1.29,2.29
W01556,S005,2024-04-01,10.5,8.79,2.92,0
W01557,S005,2024-04-02,19.36,7.15,1.09,4.23
W01558,S005,2024-04-03,13.0,7.46,3.17,4.11
W01559,S005,2024-04-04,19.07,13.07,2.61,2.0
W01560,S005,2024-04-05,14.9,7.3,1.23,6.55
W01561,S005,2024-04-06,17.72,10.25,2.32,0.56
W01562,S005,2024-04-07,12.8,8.87,3.32,6.39
W01563,S005,2024-04-08,20.92,10.53,2.68,0.89
W01564,S005,2024-04-09,24.27,7.33,0.83,0.16
W01565,S005,2024-04-10,21.5,7.9,2.77,1.02
W01566,S005,2024-04-11,20.82,7.68,3.13,8.89
W01567,S005,2024-04-12,23.11,10.28,2.43,1.78
W01568,S005,2024-04-13,16.25,6.2,2.89,6.17
W01569,S005,2024-04-14,21.81,9.43,1.71,4.16
W01570,S005,2024-04-15,20.44,7.48,3.73,0
W01571,S005,2024-04-16,14.0,8.77,2.09,7.35
W01572,S005,2024-04-17,20.31,7.01,3.2,0
W01573,S005,2024-04-18,13.21,11.5,4.47,2.74
W01574,S005,2024-04-19,22.7,7.1,1.93,3.17
W01575,S005,2024-04-20,21.43,8.5,3.86,6.27
W01576,S005,2024-04-21,23.41,5.58,1.99,2.98
W01577,S005,2024-04-22,12.48,5.08,2.11,2.34
W01578,S005,2024-04-23,17.23,7.8,2.93,2.1
W01579,S005,2024-04-24,17.69,4.92,1.94,0.5
W01580,S005,2024-04-25,14.1,9.86,2.67,4.06
W01581,S005,2024-04-26,12.91,6.93,2.62,6.54
W01582,S005,2024-04-27,17.61,10.83,3.18,3.07
W01583,S005,2024-04-28,24.39,12.32,2.23,4.61
W01584,S005,2024-04-29,14.2,8.32,3.0,3.74
W01585,S005,2024-04-30,4.7,7.68,2.6,0
W01586,S005,2024-05-01,10.89,12.18,1.05,4.26
W01587,S005,2024-05-02,17.04,13.03,1.69,4.16
W01588,S005,2024-05-03,21.92,6.84,2.44,9.48
W01589,S005,2024-05-04,9.29,8.14,1.64,0
W01590,S005,2024-05-05,15.86,10.02,0.94,3.93
W01591,S005,2024-05-06,24.81,9.02,3.51,5.24
W01592,S005,2024-05-07,18.14,2.05,1.66,3.89
W01593,S005,2024-05-08,18.87,8.22,0.1,1.77
W01594,S005,2024-05-09,10.55,9.63,0.96,0.56
W01595,S005,2024-05-10,14.0,10.79,1.13,1.09
W01596,S005,2024-05-11,18.09,7.14,1.65,6.57
W01597,S005,2024-05-12,16.76,12.14,2.27,1.82
W01598,S005,2024-05-13,19.66,11.48,2.61,7.11
W01599,S005,2024-05-14,20.71,10.2,2.71,5.07
W01600,S005,2024-05-15,5.63,11.53,2.43,2.47
W01601,S005,2024-05-16,13.76,9.81,1.35,5.21
W01602,S005,2024-05-17,19.61,8.32,0.51,2.65
W01603,S005,2024-05-18,19.3,12.1,1.61,5.92
W01604,S005,2024-05-19,17.1,6.61,1.49,2.55
W01605,S005,2024-05-20,20.01,9.19,2.24,4.35
W01606,S005,2024-05-21,18.83,11.28,3.74,0
W01607,S005,2024-05-22,25.56,8.46,3.94,0
W01608,S005,2024-05-23,16.38,11.35,1.41,1.31
W01609,S005,2024-05-24,15.94,7.32,0.12,5.55
W01610,S005,2024-05-25,23.18,2.59,1.45,0.77
W01611,S005,2024-05-26,16.59,7.21,4.16,0
W01612,S005,2024-05-27,14.29,7.27,2.63,3.38
W01613,S005,2024-05-28,19.92,11.69,2.32,3.15
W01614,S005,2024-05-29,12.99,5.59,1.32,2.57
W01615,S005,2024-05-30,11.99,4.59,1.33,6.26
W01616,S005,2024-05-31,16.44,10.28,1.69,7.74
W01617,S005,2024-06-01,13.44,10.08,0.51,0
W01618,S005,2024-06-02,14.31,6.81,2.38,9.81
W01619,S005,2024-06-03,16.14,12.56,2.67,0
W01620,S005,2024-06-04,18.46,10.63,1.64,3.51
W01621,S005,2024-06-05,8.68,7.12,1.69,0
W01622,S005,2024-06-06,10.51,10.16,2.16,5.0
W01623,S005,2024-06-07,3.87,9.08,1.75,5.62
W01624,S005,2024-06-08,31.85,11.76,2.26,0
W01625,S005,2024-06-09,9.98,3.14,2.08,0
W01626,S005,2024-06-10,5.36,5.88,3.02,0
W01627,S005,2024-06-11,14.4,11.02,2.57,0
W01628,S005,2024-06-12,14.12,3.7,1.31,3.69
W01629,S005,2024-06-13,23.92,10.52,2.74,0
W01630,S005,2024-06-14,8.68,7.83,1.82,0
W01631,S005,2024-06-15,22.38,8.9,1.27,4.8
W01632,S005,2024-06-16,24.91,7.34,2.18,0
W01633,S005,2024-06-17,23.27,7.65,1.16,6.73
W01634,S005,2024-06-18,5.54,8.21,1.39,0.01
W01635,S005,2024-06-19,18.99,7.12,2.03,5.34
W01636,S005,2024-06-20,6.55,4.98,2.02,3.46
W01637,S005,2024-06-21,18.14,8.02,1.11,0
W01638,S005,2024-06-22,16.62,8.93,3.38,3.11
W01639,S005,2024-06-23,11.91,8.79,1.73,0
W01640,S005,2024-06-24,7.65,10.73,2.2,2.22
W01641,S005,2024-06-25,19.89,10.95,2.77,1.18
W01642,S005,2024-06-26,24.59,7.25,1.76,7.71
W01643,S005,2024-06-27,24.95,7.82,3.8,0
W01644,S005,2024-06-28,19.7,5.71,2.42,0
W01645,S005,2024-06-29,16.34,16.33,2.05,8.09
W01646,S005,2024-06-30,14.28,11.05,3.47,7.05
W01647,S005,2024-07-01,9.12,5.15,2.45,3.05
W01648,S005,2024-07-02,14.61,7.68,1.86,10.44
W01649,S005,2024-07-03,19.16,10.41,2.61,0.98
W01650,S005,2024-07-04,16.78,8.63,3.26,2.3
W01651,S005,2024-07-05,14.62,10.72,1.92,0.93
W01652,S005,2024-07-06,6.77,5.88,2.25,0
W01653,S005,2024-07-07,26.0,10.09,2.35,1.66
W01654,S005,2024-07-08,16.98,11.19,2.22,11.57
W01655,S005,2024-07-09,16.89,7.42,2.15,1.23
W01656,S005,2024-07-10,14.49,8.79,2.33,0
W01657,S005,2024-07-11,16.76,8.33,3.21,7.72
W01658,S005,2024-07-12,12.82,6.0,3.09,2.47
W01659,S005,2024-07-13,21.93,7.22,2.68,7.9
W01660,S005,2024-07-14,15.01,11.02,1.52,10.64
W01661,S005,2024-07-15,11.83,5.72,2.87,0
W01662,S005,2024-07-16,21.16,9.51,1.75,0
W01663,S005,2024-07-17,18.26,8.8,1.34,9.87
W01664,S005,2024-07-18,14.38,9.36,1.6,0
W01665,S005,2024-07-19,16.18,7.24,1.98,10.05
W01666,S005,2024-07-20,10.54,7.33,3.74,5.96
W01667,S005,2024-07-21,12.3,10.96,2.14,0
W01668,S005,2024-07-22,22.43,7.28,3.03,0
W01669,S005,2024-07-23,20.55,7.26,1.96,3.01
W01670,S005,2024-07-24,17.41,8.7,1.21,3.18
W01671,S005,2024-07-25,9.23,14.77,1.8,2.1
W01672,S005,2024-07-26,20.26,4.93,0.61,0
W01673,S005,2024-07-27,7.05,8.86,1.62,4.08
W01674,S005,2024-07-28,20.0,12.25,2.7,1.38
W01675,S005,2024-07-29,8.18,8.03,1.19,2.12
W01676,S005,2024-07-30,18.82,9.05,3.26,3.68
W01677,S005,2024-07-31,22.52,9.38,1.17,6.78
W01678,S005,2024-08-01,9.42,6.53,2.07,2.68
W01679,S005,2024-08-02,19.96,2.68,3.26,0
W01680,S005,2024-08-03,14.36,8.25,2.38,1.55
W01681,S005,2024-08-04,14.58,7.98,1.08,3.13
W01682,S005,2024-08-05,12.46,6.84,1.25,2.13
W01683,S005,2024-08-06,16.25,12.44,2.16,1.69
W01684,S005,2024-08-07,9.51,9.21,2.3,0.3
W01685,S005,2024-08-08,20.01,6.56,2.47,0
W01686,S005,2024-08-09,10.27,4.35,0.96,0
W01687,S005,2024-08-10,10.93,9.68,2.23,10.84
W01688,S005,2024-08-11,14.57,11.02,3.29,0.07
W01689,S005,2024-08-12,17.84,6.67,1.25,11.8
W01690,S005,2024-08-13,22.83,6.85,2.37,0
W01691,S005,2024-08-14,23.59,6.47,2.88,4.7
W01692,S005,2024-08-15,20.5,7.36,2.69,7.54
W01693,S005,2024-08-16,9.71,7.0,2.01,3.17
W01694,S005,2024-08-17,14.59,9.0,2.23,0
W01695,S005,2024-08-18,10.78,4.98,3.2,5.33
W01696,S005,2024-08-19,23.51,8.02,3.42,0
W01697,S005,2024-08-20,13.72,3.07,2.48,5.73
W01698,S005,2024-08-21,17.07,6.39,1.33,7.51
W01699,S005,2024-08-22,12.22,7.15,1.4,8.59
W01700,S005,2024-08-23,16.13,12.59,2.01,2.55
W01701,S005,2024-08-24,18.37,13.65,3.16,3.57
W01702,S005,2024-08-25,19.58,6.61,2.6,3.69
W01703,S005,2024-08-26,6.94,13.11,2.78,3.83
W01704,S005,2024-08-27,22.93,9.18,4.1,7.85
W01705,S005,2024-08-28,10.0,11.82,3.17,3.08
W01706,S005,2024-08-29,19.33,10.34,2.86,3.8
W01707,S005,2024-08-30,19.7,9.36,3.88,0
W01708,S005,2024-08-31,18.35,8.56,2.93,1.13
W01709,S005,2024-09-01,1.87,7.12,1.71,5.56
W01710,S005,2024-09-02,13.79,5.05,2.71,0
W01711,S005,2024-09-03,14.73,5.37,2.02,2.93
W01712,S005,2024-09-04,17.43,10.07,2.46,5.09
W01713,S005,2024-09-05,11.16,8.5,2.31,5.47
W01714,S005,2024-09-06,17.25,10.0,1.2,7.53
W01715,S005,2024-09-07,19.85,8.9,2.19,6.09
W01716,S005,2024-09-08,12.71,11.14,0.69,0.34
W01717,S005,2024-09-09,14.94,6.43,2.0,4.33
W01718,S005,2024-09-10,19.8,6.79,1.27,4.84
W01719,S005,2024-09-11,14.05,5.83,2.29,4.64
W01720,S005,2024-09-12,11.0,8.59,0.59,3.89
W01721,S005,2024-09-13,21.82,8.15,2.24,0
W01722,S005,2024-09-14,18.88,9.19,3.02,0
W01723,S005,2024-09-15,9.2,8.12,2.36,3.91
W01724,S005,2024-09-16,5.66,8.25,3.18,7.82
W01725,S005,2024-09-17,17.17,10.52,3.0,1.03
W01726,S005,2024-09-18,9.57,12.71,1.21,5.42
W01727,S005,2024-09-19,11.62,2.88,2.53,0
W01728,S005,2024-09-20,16.89,9.28,2.5,4.54
W01729,S005,2024-09-21,12.36,9.17,2.86,2.54
W01730,S005,2024-09-22,14.24,8.0,2.18,5.31
W01731,S005,2024-09-23,19.93,12.36,2.29,0.92
W01732,S005,2024-09-24,23.15,6.94,3.31,1.64
W01733,S005,2024-09-25,15.63,5.68,2.44,0
W01734,S005,2024-09-26,11.4,5.57,1.04,8.3
W01735,S005,2024-09-27,11.06,7.74,2.13,0.54
W01736,S005,2024-09-28,11.16,6.08,3.3,0
W01737,S005,2024-09-29,15.34,6.85,0.96,3.09
W01738,S005,2024-09-30,13.57,8.3,1.57,0
W01739,S005,2024-10-01,14.37,10.6,2.48,6.72
W01740,S005,2024-10-02,11.56,7.87,3.13,5.43
W01741,S005,2024-10-03,23.82,10.64,1.36,3.7
W01742,S005,2024-10-04,12.9,4.85,0.94,2.96
W01743,S005,2024-10-05,18.77,5.77,1.67,5.54
W01744,S005,2024-10-06,23.35,6.76,2.59,5.89
W01745,S005,2024-10-07,9.64,7.83,1.75,0
W01746,S005,2024-10-08,16.64,10.67,1.18,1.84
W01747,S005,2024-10-09,13.49,7.39,1.98,2.71
W01748,S005,2024-10-10,18.57,9.13,2.39,7.83
W01749,S005,2024-10-11,17.82,4.31,2.27,0.39
W01750,S005,2024-10-12,20.89,9.28,1.58,7.27
W01751,S005,2024-10-13,12.33,9.2,3.3,5.98
W01752,S005,2024-10-14,20.12,6.12,2.85,5.27
W01753,S005,2024-10-15,7.07,9.16,2.31,0.64
W01754,S005,2024-10-16,11.06,10.29,1.94,0
W01755,S005,2024-10-17,22.53,6.66,1.44,0
W01756,S005,2024-10-18,12.13,9.41,2.2,3.26
W01757,S005,2024-10-19,10.59,8.52,3.3,1.62
W01758,S005,2024-10-20,12.4,6.1,1.71,1.44
W01759,S005,2024-10-21,12.97,5.14,2.12,7.1
W01760,S005,2024-10-22,16.83,3.58,1.78,10.59
W01761,S005,2024-10-23,13.13,11.15,2.45,5.64
W01762,S005,2024-10-24,9.53,6.31,1.46,0
W01763,S005,2024-10-25,5.89,6.49,3.16,0.79
W01764,S005,2024-10-26,16.55,5.51,0.98,3.05
W01765,S005,2024-10-27,19.91,4.65,2.07,1.98
W01766,S005,2024-10-28,14.87,10.18,3.18,0
W01767,S005,2024-10-29,20.12,5.71,1.7,7.39
W01768,S005,2024-10-30,10.58,8.32,3.31,2.9
W01769,S005,2024-10-31,18.55,10.58,2.74,0
W01770,S005,2024-11-01,15.09,7.26,3.62,1.33
W01771,S005,2024-11-02,2.81,8.33,1.69,2.41
W01772,S005,2024-11-03,17.11,8.33,2.01,1.36
W01773,S005,2024-11-04,0.53,10.7,3.69,7.12
W01774,S005,2024-11-05,9.99,12.6,3.09,6.3
W01775,S005,2024-11-06,4.26,13.62,2.17,0
W01776,S005,2024-11-07,-1.07,9.76,1.59,0
W01777,S005,2024-11-08,-1.95,10.86,0.68,6.28
W01778,S005,2024-11-09,6.57,8.22,2.18,2.41
W01779,S005,2024-11-10,2.62,7.93,3.0,0.5
W01780,S005,2024-11-11,8.58,6.98,2.65,1.49
W01781,S005,2024-11-12,6.0,8.85,3.82,0
W01782,S005,2024-11-13,6.2,6.92,3.23,5.53
W01783,S005,2024-11-14,13.06,6.33,2.1,3.05
W01784,S005,2024-11-15,7.29,9.35,1.37,4.54
W01785,S005,2024-11-16,10.44,5.16,1.62,0
W01786,S005,2024-11-17,-0.77,13.38,1.93,0
W01787,S005,2024-11-18,7.45,8.64,1.35,3.23
W01788,S005,2024-11-19,8.09,12.05,2.05,6.58
W01789,S005,2024-11-20,5.51,7.96,3.31,1.67
W01790,S005,2024-11-21,4.53,7.49,1.74,4.95
W01791,S005,2024-11-22,10.44,9.99,1.86,1.95
W01792,S005,2024-11-23,5.83,4.75,2.29,13.11
W01793,S005,2024-11-24,2.17,1.77,2.02,0
W01794,S005,2024-11-25,7.09,13.68,1.38,4.77
W01795,S005,2024-11-26,15.74,5.57,1.64,3.46
W01796,S005,2024-11-27,-2.97,9.65,3.3,7.47
W01797,S005,2024-11-28,5.7,6.22,1.69,0.1
W01798,S005,2024-11-29,12.85,7.12,0.62,0
W01799,S005,2024-11-30,2.5,10.2,1.38,2.24
W01800,S005,2024-12-01,10.85,6.57,0.43,0.68
W01801,S005,2024-12-02,3.57,10.03,1.93,6.36
W01802,S005,2024-12-03,10.09,6.89,2.64,0
W01803,S005,2024-12-04,13.38,4.89,3.15,0
W01804,S005,2024-12-05,4.62,11.53,2.57,3.92
W01805,S005,2024-12-06,2.7,7.68,3.04,4.18
W01806,S005,2024-12-07,16.5,8.52,1.21,3.35
W01807,S005,2024-12-08,15.05,10.28,1.75,1.25
W01808,S005,2024-12-09,-1.38,8.47,0.98,0.42
W01809,S005,2024-12-10,5.92,7.65,2.89,4.63
W01810,S005,2024-12-11,5.49,7.51,3.89,0
W01811,S005,2024-12-12,2.34,11.53,3.27,7.86
W01812,S005,2024-12-13,4.54,13.4,2.35,7.5
W01813,S005,2024-12-14,14.93,12.19,1.31,4.02
W01814,S005,2024-12-15,4.36,6.65,3.47,1.28
W01815,S005,2024-12-16,3.13,9.23,2.2,3.63
W01816,S005,2024-12-17,5.19,2.0,1.95,1.04
W01817,S005,2024-12-18,12.99,5.57,2.54,0.33
W01818,S005,2024-12-19,8.6,8.21,2.37,3.93
W01819,S005,2024-12-20,3.97,4.14,1.59,5.05
W01820,S005,2024-12-21,11.38,13.69,2.8,5.81
W01821,S005,2024-12-22,1.33,5.39,1.49,2.74
W01822,S005,2024-12-23,6.91,9.08,0.51,3.86
W01823,S005,2024-12-24,9.86,6.81,1.11,2.45
W01824,S005,2024-12-25,12.4,6.77,1.04,3.62
W01825,S005,2024-12-26,3.0,10.24,3.98,0
W01826,S005,2024-12-27,1.9,7.0,1.04,0
W01827,S005,2024-12-28,6.42,9.36,1.84,1.19
W01828,S005,2024-12-29,9.26,9.49,0.5,4.04
W01829,S005,2024-12-30,1.59,11.77,4.31,2.11
W01830,S005,2024-12-31,3.39,7.53,2.16,0
